iter,factor(E.prev)1,factor(E.prev)0,v
91,0.0929538324836467,0.316134869772075,0.197438912682674
21,0.128334097569963,-0.0202555865683827,0.195818461235107
11,0.0135316503973268,0.213196420612049,0.202446099415426
81,0.0218409545124893,-0.172515245618931,0.186382583175993
71,0.111452488538284,0.0970462186189322,0.176991439525889
61,0.106159380667918,0.0106741960940154,0.22384638647605
41,0.0825244838850235,-0.005474327881696,0.185531918492848
51,0.0406511119012527,0.271576445544053,0.169887340588741
31,0.074527804607178,0.174723334940659,0.151407579060358
1,0.125345331025267,-0.0995423497910099,0.183182582237072
221,0.109214930649449,-0.0542136684669212,0.169499141830197
201,0.164009380877787,0.0241231666747752,0.175028681978608
211,0.177468414150013,0.146491425066941,0.177673615035469
191,0.0125017484709369,-0.377770727558866,0.127300632189299
231,0.0350568423732812,-0.0323591945042579,0.179019897415268
381,0.0481746446772182,0.108414845081394,0.199208756717075
391,0.0981017803029727,0.105315018345827,0.182008520334794
261,0.0111798419085845,-0.0327363606541432,0.186971458761469
181,0.226583199609983,0.429705273813992,0.168542102565752
301,0.0450080132178814,0.273315647456573,0.146223010299017
271,0.215271215873947,0.0251359163960363,0.165995097847293
151,0.0377755886113839,0.510546636431254,0.213006381502276
161,0.111356604343406,0.445579974407298,0.139154104795922
121,0.121278720872876,0.0205281940935696,0.163773011761477
141,0.0585271421276543,-0.144055159051194,0.156629828629714
251,0.0510739039664079,0.0578024706259394,0.189748931085461
281,0.0489371007985301,-0.0791136113862983,0.173621556127803
131,0.10279054418683,0.233348784317004,0.189874648954216
291,0.0559582706763756,0.30046635197494,0.15914563792423
171,0.147326998238218,-0.185829907700326,0.129585228522619
111,0.0928321981761259,0.809887680024879,0.162333601873548
311,0.0672960769946221,-0.00320002994490015,0.159393842856953
241,0.0125586963739195,-0.0804549731685601,0.202039506920661
92,0.118251648919608,0.189841090487901,0.176004771598448
12,0.0657039073242123,0.0169112302249937,0.166676173152619
22,0.076766252844497,-0.0931536690160655,0.193763915005157
731,0.0785768974229198,0.30577173630538,0.220179088214743
921,0.0398814583476446,0.009225259239832,0.154069593179595
741,0.0786784035710466,0.0135032033783946,0.211137856677243
371,0.117990248553361,0.360294667628401,0.171888138013588
721,0.0799459301013947,0.0698831525423747,0.186500198116941
761,-0.00862075193414465,-0.0269484961654077,0.15822657089654
901,0.0890597518390384,0.161513779746427,0.168391009044111
791,0.0343724856360398,0.16384324990484,0.157339612986954
951,0.0614352513890052,0.0551153739460985,0.23114557538453
811,0.0474551976634984,0.346753513446106,0.174249410508961
321,0.0820944254943927,0.16993433962679,0.164364171800989
331,0.0490226132846535,0.00545348207626923,0.210890912440577
871,0.0895623653973196,0.0872062929345235,0.180871830956548
471,0.018784692436344,0.0279365167996488,0.138371285305622
351,0.0363182090732547,-0.340206783572212,0.160131071257617
891,0.0648670994491356,-0.196514950559746,0.186003643060654
751,0.0198294444495864,-0.0272516877362726,0.144149148527565
931,0.0616255511857988,0.158230964735236,0.182039609772745
821,0.0349165311377003,0.314466662793982,0.175703889603815
861,0.0316261052877739,-0.218469651813706,0.191638554599524
841,0.10317893354134,-0.104156242534659,0.183908410164422
781,0.0899706224989086,0.169046027002932,0.177868022154009
911,0.0890714178718185,-0.0355725767204138,0.18629625790962
801,0.0733412699474087,0.129527197568734,0.196283825917038
711,0.00445785554806845,0.443745078320347,0.217035025166227
361,0.101788314782538,-0.0801508076626292,0.176977757461913
341,0.106929858178294,0.0318168580080607,0.178808920156242
881,0.0565408497027632,-0.546514159945876,0.173127387940473
831,0.0676470245359921,-0.248965200693257,0.198763563555078
851,0.131678084665015,0.0935670754648204,0.139406797729352
941,0.146112258842557,-0.0152186563209474,0.189710636672393
771,0.147502975241021,0.18617321424223,0.15206792965302
591,0.0190256345583316,0.0511945563781906,0.153533197070673
82,0.0691495484198107,-0.189097914864796,0.193702213621798
62,0.0636238729107245,-0.187391626572452,0.149226884923612
72,-0.029085759391938,0.266350983268752,0.218879323933119
101,0.113559062378342,0.165851207267379,0.208502220137727
641,0.0459565206457596,-0.218668280644252,0.165426604616484
431,0.14173279953898,0.0745198550348085,0.227185880648989
451,0.0705043050462109,0.0976793913868924,0.178080269524857
551,0.0497561997202674,-0.180020421569238,0.180991240313161
661,0.0205080366120355,0.0988095142385885,0.150103935012878
671,0.133101969247083,-0.0721074168253726,0.159636661641291
501,0.0681545796105558,-0.274124758548495,0.127684550302862
561,0.0765253252529571,0.550420495201872,0.222923439286914
491,0.075706458975762,0.0375794469976312,0.151064678950969
441,0.0573426395319332,0.254910829577999,0.183976331793214
511,0.121264258619844,0.415313853396646,0.179987642754297
571,0.0911444124386559,0.310744200479097,0.192732038959407
581,0.0449949408625063,-0.148936482960942,0.188432730638509
601,0.0120743229877477,0.0557169993493231,0.197242066752555
701,0.12116858204294,0.449912574294322,0.163579487353713
681,0.0936184300046123,0.121866061826259,0.203703633654731
421,0.0864792769912349,-0.0704232431942607,0.208501580686339
621,0.040529072106276,0.0668559080397182,0.167452598067298
481,0.0946849561945959,0.174648078616353,0.173335697878426
691,0.042303092268979,-0.384238810829424,0.187566763950665
401,0.085818574599994,-0.318150716501616,0.178156946322036
531,0.0693328572931361,0.362692786353763,0.19967776678122
541,0.0593929852781611,0.0274304603136688,0.188483332745182
611,0.0251154608398068,-0.0117338385936723,0.210295907091132
631,0.0974017661881998,0.850789426320754,0.139548343193256
411,0.154743549628643,0.0924186540789744,0.205361619021075
651,0.0688933242660577,0.0207886199425268,0.189656205615627
461,0.0579889257722673,0.173995076321939,0.190728430242505
521,0.17131744726853,0.290260613221192,0.188267824306691
32,0.0827074807029961,0.167053399202296,0.185729766912273
42,0.0470093485654635,0.412916475190323,0.193555955050497
52,0.0775684297136544,-0.261646842077974,0.209820260578696
2,0.129470803660491,0.0757347056671323,0.167468862330385
991,0.0393003673518777,-0.00742079214684867,0.161699279159145
981,0.0520952025681436,-0.11049193411038,0.20591355977356
971,0.0429410942877196,0.0385040068923225,0.178447519378287
961,0.119957733373146,0.424883600975894,0.163376318931963
222,0.0439873979398089,-0.152444373202316,0.18241519004801
202,0.035456382586444,0.26457248304535,0.175731679393408
212,0.120600683589553,0.782690355110841,0.16320835188368
192,0.0758382282181172,-0.039201779293115,0.212430871687358
232,0.0798612570619036,0.143773254843543,0.213960143644628
302,0.101917796913493,0.171512293624065,0.214959421804887
272,0.14059656535398,0.0818672058430183,0.225924821083369
282,0.100970639243103,0.123213564137643,0.152985434024623
262,0.113358230258443,0.331470763935016,0.172095991963197
292,0.0984763528507698,0.282330927535252,0.194160111993684
312,0.0711493133079904,-0.0591626155274419,0.234895311908811
252,0.0189313599485296,0.174494535845193,0.209493912941246
242,0.10996012687538,-0.187114950125296,0.178017608120171
162,0.0892373615905447,-0.152616653735573,0.161856623341733
382,0.0893225894834499,0.0776307130069926,0.203969869317843
112,0.176524534472254,0.539657651306956,0.172161012896159
122,0.0999726217417537,-0.0361544994216808,0.118771773057551
182,0.0836948957847495,0.0680519938402407,0.219671639577928
392,0.0590197359122405,0.190444778947094,0.18427119811547
142,0.0511529301303774,0.0836996680543446,0.18829097461635
132,0.119641448676784,0.492874950233053,0.14201765129401
152,0.087264255425009,-0.0218098882145254,0.16823630201106
172,0.130824364717601,-0.119704916134685,0.172787310977815
372,0.0497330007158616,0.0922169534867016,0.171083784940017
322,0.0464478458430395,0.0646723168182579,0.180224038974046
352,0.111010579060115,0.0694180695424173,0.190847611204446
362,0.101154457770498,0.303133695361205,0.202392689306785
342,0.091403596991443,0.255348857775077,0.202295302625419
332,0.144169415431608,0.358358376244813,0.157873449233198
922,0.0326522928796042,-0.366295875261043,0.163193488003767
762,0.0550372528821651,-0.168491442622674,0.167289083825999
722,0.0652932344273297,-0.362192228677816,0.167717243810686
822,0.105819982930963,0.729070088542457,0.19887138246819
752,0.145955019017102,-0.215228037194186,0.167858582153287
872,0.106564755881215,-0.110136243580067,0.185157771691761
902,0.131475835330629,0.420763129325571,0.211662869306967
952,0.0444719983791053,0.139170487759247,0.212800736246745
782,0.0325781545129126,-0.110698271693486,0.183887616601453
932,-0.0206246920517313,-0.240792670481881,0.168105687466047
812,0.059861581166784,0.153937417319774,0.148647729014743
892,-0.0274474540407556,-0.237853279396652,0.152147621609146
732,0.0674347675095762,0.480375857466411,0.222007720346723
742,0.0490374746153022,0.0175972379862193,0.133611127774106
842,0.135468252541621,-0.00657213154664348,0.175831446590837
862,0.0341112648781016,0.223687988923582,0.194615499943728
792,0.195402439907766,0.239097370328097,0.166089217160347
832,0.0754130400727757,0.0796712348257628,0.140274208552154
802,0.0667349184102691,0.365865546876362,0.170753675358981
882,0.118500132534167,-0.0126016989639897,0.19502122228749
942,0.0548003081577861,0.0161999403490033,0.172847337457298
592,0.0442739588897531,-0.558282609118272,0.181520087826687
472,0.0188296960475951,0.175104051459786,0.182237610660943
912,0.148004739426242,0.457102304535138,0.199213219731939
13,0.104223094076813,-0.0324663620273108,0.185873688415144
852,0.0638336444280903,0.0318134644652162,0.168590765441471
712,0.132625197490625,0.204363392334674,0.211354673930461
772,0.067593119109137,0.365295515299836,0.173536284137819
93,0.123767012827087,-0.0437887255454429,0.150018035116384
23,0.0767916923503841,-0.310414329280343,0.168777825522598
73,0.0563882024296741,-0.0464711227839546,0.182366996714039
63,0.0613368544068324,0.268844947864583,0.189518978807029
102,0.0407733432487457,0.260149078017263,0.194061508939941
432,0.0717992367287942,0.10235067291116,0.204868584397493
672,0.0787132760072621,0.435595602086344,0.203264678027363
662,0.0906727232663168,-0.131444006980478,0.190407409893317
83,0.0328729126323151,0.155653844927628,0.190822017900276
552,0.060402359794232,-0.138012857442349,0.228214997879488
642,0.0765930405341143,0.14223056982687,0.163299170976745
512,0.0384330841892017,0.223705373772747,0.206898175851885
452,0.0300001980241219,0.0317913432696948,0.168959554943946
562,0.00682063653232507,-0.037948772276637,0.167698378916731
602,0.105862750354025,0.255681078344269,0.179636980664432
502,0.0895122207139812,-0.0429990730180606,0.184015103349035
582,0.193713782307919,-0.021675121255931,0.152034095244912
492,0.00859071349387787,0.0997257333232573,0.165092830090741
402,0.0853824006664437,-0.00418110552336584,0.221049707743493
572,0.0405301466635506,-0.0421800976998641,0.165449936050667
422,0.0489493200120774,0.0586861484867298,0.207286818200048
632,0.0515426822246303,0.271324303681958,0.200567126414882
532,-0.0391712984834342,0.255243703708254,0.192723364204483
702,0.0677287474350275,0.0306476229166051,0.161881530836379
442,0.187846617837861,0.406621500878512,0.159290490130498
462,0.061398416187579,0.0781593204518312,0.191747485162898
612,-0.00429498408115852,-0.1412931963706,0.148497868324653
412,0.0471765236858106,0.294734732209159,0.178702478241128
522,0.0542725872755069,0.155490352685962,0.182547967455203
482,0.126004645927561,-0.144683646664277,0.190294255892084
652,0.0558513126885998,0.306549864809806,0.163222555992794
682,0.108531123315443,-0.0672594663060205,0.191324211999779
692,0.0580592025487594,-0.0424820444616935,0.174417727411111
542,0.0429444879897963,-0.0215212185430698,0.197182447265128
622,0.063726586559935,0.467524400940456,0.162646753485016
33,0.160662098423347,0.168104951478438,0.178255313742463
53,0.126121417680559,0.174951584530983,0.21685488757493
43,0.103035745738391,-0.0987447933176188,0.199132335357498
3,0.079354871084968,-0.0760725058185693,0.16621905748358
992,0.0517687669300847,0.142542443243877,0.197916452075798
972,0.000392913306884126,-0.276324164623169,0.181965726396774
982,0.0957910825218409,0.168297150068299,0.158584006765801
223,0.0444587138644496,0.117127312330096,0.169731495796266
203,0.0991740955148348,-0.019465529363524,0.205694696105719
213,0.137299305329044,0.377881823446253,0.189903542524659
193,0.0582730794714638,0.0981421325280344,0.251219315673123
233,0.106998296022581,0.152295333036412,0.137826054649265
303,0.104143418007947,0.103839628746999,0.191368005977141
962,0.0708233310304308,0.0910478561767926,0.175897167261811
273,0.0704024542392882,0.0252069676354647,0.172044791015377
293,-0.0171088686512295,0.209274682436417,0.164685476159567
313,0.0246623337751233,0.252176294106582,0.152981022601942
283,-0.00614836243846577,0.0685774524857365,0.224552439421739
263,0.0106859191999824,0.238939448273138,0.173608527388944
253,0.0724877139146453,-0.0128891909752202,0.192128122634016
243,0.0828448180298681,-0.0369348894123663,0.189576157561021
163,0.143367782007478,-0.0956491638700632,0.163627997730498
383,0.0432545304730323,0.298155673316241,0.173666400171562
323,0.0647923984734601,-0.167369614114459,0.201046059251947
363,0.0688375753048443,0.0825313105743127,0.185794190482688
353,0.054211490895534,0.24166620931615,0.179025425222167
133,-0.00871001196638919,-0.042160856147977,0.1666316719277
183,0.151197307956125,0.205175363111774,0.174851200486786
143,0.044917903625851,-0.0783060180090364,0.17433563568026
113,0.0432434911864222,-0.63407177350899,0.146831685918581
173,0.108303771357208,0.259179863472075,0.166434824604951
373,0.0543423602577251,0.029136411772436,0.212892602080208
123,0.0597431884732532,-0.10804304296936,0.138848655178353
333,-0.0301241745894716,0.489566839074053,0.162822571385892
393,0.0543189483140271,-0.168058737815013,0.151521963665811
153,0.150230657807376,-0.328139656556844,0.209583108106605
343,0.0532279618043036,-0.252118077425288,0.186071186429349
923,0.0910869560940489,0.216961161810563,0.189229614996689
763,0.148887892544458,-0.547930638206941,0.124797396273214
953,0.074215161111063,0.211084901820162,0.182148894366089
823,0.0122538556653274,0.151141638510818,0.163237463411671
843,0.076991896309273,0.409762831393138,0.206140332778888
753,0.0947268165153593,0.565173558099337,0.161084359584164
863,0.00574416429770286,0.0125979062351655,0.169723654376268
833,-0.0640097580371514,0.0148784408892419,0.212390584097326
903,0.0725833352250645,-0.177329007087703,0.146023256801168
893,0.0859066919076125,0.54403189243943,0.142535161250868
723,0.139311107256928,-0.312380969931773,0.194063081131115
803,0.0268726400477557,0.289835684297954,0.218063308406103
783,0.0727374009071762,0.248568054533612,0.170626849335585
793,0.00795311170215164,-0.205726063408884,0.160409043458948
473,0.154888738606484,0.194189483625641,0.183662402446001
873,0.132278022400758,-0.0379281664887155,0.164554164031901
933,0.0519601520971963,0.103405764666343,0.174477009873012
883,0.130068351803883,-0.0657018505106873,0.187747758798206
733,0.1002757212148,0.102197194490855,0.189648208342886
593,0.0580245306303979,-0.285890039391215,0.182724712459133
913,0.0294338253201932,0.0234236095203471,0.144199567557329
713,0.0734853650966955,-0.116809060435896,0.138351674290883
743,0.128524098320234,0.159056287678817,0.207021620705758
943,0.135114077913509,0.35374654390949,0.188634457340027
853,0.0708902951748798,0.186880041487434,0.209363190751552
773,0.0591526971860148,0.282599914033978,0.214966674000834
813,0.0682645429546862,-0.00568439948083979,0.179631459776963
14,0.0493662495782658,-0.35090882264439,0.145528161573051
94,0.0618737934012365,-0.123813261359319,0.178675508722317
24,0.119950732618587,0.012831152631259,0.201575146809806
64,0.0488165152787149,-0.426670790915351,0.167883440622732
643,0.065640613602258,-0.210404048749849,0.167999344297343
673,0.0147229372413613,0.128664417992148,0.172462772887864
74,0.0397337580710971,0.15827251996401,0.191574076008396
553,0.0727361916280538,0.06165678365862,0.180189957783331
103,0.102259046532549,-0.559229963292852,0.169531970339804
433,0.0486935641430484,-0.133579672522482,0.147381159451156
663,0.103227348387398,0.0475102945765944,0.155562654486126
84,0.215414771202001,0.102516896917008,0.150544664199764
573,0.137276732013181,0.0234482822317648,0.170879470619332
513,0.0041934921586744,-0.121464157290299,0.180337312996825
453,0.143182224233392,0.0398444678801737,0.169191259287656
613,0.00301292079439754,0.119059385306993,0.160359571454135
563,0.0840355919483098,0.378623662494043,0.17183482611804
533,0.0170988922200697,0.0251290048218685,0.195732667402676
603,0.109120933212495,-0.0115908411976593,0.147426301791899
633,0.0129723907577859,0.438351204813724,0.158149169548544
523,0.0278795673248553,0.447383729428347,0.112111234160028
503,0.113213962830542,0.264791276137564,0.19434904547061
463,0.0104434678270607,-0.209604785942771,0.163740367112304
493,0.108647748177372,-0.072898201452701,0.160170703596767
423,0.133587831234306,-0.181616934860535,0.16429502702372
403,-0.0265227951938682,0.136183949549423,0.175809590032794
543,0.0575177415127275,0.0188114513691921,0.211196011527292
443,0.0308798888253294,-0.0422330166323983,0.153558017160162
683,0.065585421594777,0.221812718640146,0.16120381028243
623,0.185600117839283,0.252381256131017,0.15430526228528
693,0.0660251785433491,-0.313883613243299,0.180778994854062
703,0.148836538155863,-0.11880190751813,0.147369248836986
583,0.0869257990126254,-0.337697331363737,0.166757416588869
413,0.106772202196819,0.296995030816565,0.157793159934096
653,0.0654656600608184,0.0885432579828177,0.181473933091682
483,0.0962379710922228,0.328211408212187,0.179106988791486
34,0.174828464691834,0.334081087568604,0.152443218148195
44,0.0791999099385113,0.141647971483013,0.209876888108525
54,0.133818888067839,0.184438918465987,0.160460972933604
993,0.102889728107505,0.106228924800355,0.182750849762623
224,0.0473581406837425,0.45746626967571,0.178085991534444
973,0.0651977193207329,-0.0677859123998078,0.183987635131818
4,0.0978775946989753,0.27324051223132,0.156715139439494
204,0.139647013140609,0.24814102048362,0.165159364820534
983,0.0308747159964139,0.17441917668666,0.199113223942633
214,0.0291567934200441,0.102895022733478,0.192366911295307
194,0.0381774903055164,-0.0817269769938117,0.156353966474867
234,0.0500779304011362,-0.0130630271215736,0.181564666145816
294,0.030764951616402,0.220004092730184,0.153084701620323
304,0.0430630688474664,0.231432736332528,0.165393362281855
314,0.0256973321161911,-0.000719696962327844,0.156994491116327
274,0.0446078953758091,0.249565640549102,0.192223852117027
254,0.0832728136214948,-0.0881511199265935,0.175656762059982
284,0.0756237194187562,-0.197174280901466,0.143388011503383
264,0.0957697944136812,-0.0512138928043661,0.149977757699577
244,0.108907847554644,0.44766822149957,0.207505462422495
963,0.109519969124286,-0.0928893296069778,0.183342714496875
324,0.00283871829471622,-0.182348737851188,0.179485636844362
364,0.166192443691656,-0.0748210798326046,0.200601039165445
164,0.0149052471733989,-0.198227496370205,0.164222596141927
374,0.023330997976723,0.214905130369237,0.220600587770645
354,0.108324649637241,-0.178371386196303,0.156989486007232
134,0.070541474284964,0.244264148786949,0.187214503799541
174,0.12826481813026,0.357169285717304,0.199222449799516
344,0.0572980698567314,-0.0807140107556556,0.166040563899765
384,0.0906193792547132,0.352671564618314,0.171328685473718
334,0.0694974082219314,0.123744484712973,0.174951599918832
144,0.0799929705875168,0.0177934968298931,0.145273944040984
114,0.0887809702405473,0.233152018236542,0.178325962334073
184,0.0517404455950086,0.0380662679124913,0.130874209461759
124,0.0782029546310812,0.550112356682669,0.20336395386521
154,0.036956256998432,-0.10617296062815,0.167837254576914
394,0.157129950641629,0.0456820070214455,0.195643308852221
844,-0.0573339361521438,-0.169834787741752,0.151818655102677
924,0.121252457511227,0.180168180659942,0.148925667444629
954,0.0887982044849314,0.511993612537876,0.214643789451877
824,0.0227222874955274,-0.0987061688120732,0.190687659468996
884,0.148363426651942,0.405311971390084,0.172453877670738
474,0.135021642234398,-0.139499820721296,0.21075917687659
764,0.137348549836455,-0.210957617484718,0.159445218553285
794,-0.0129108726885549,-0.215825651782437,0.196671973126225
894,0.0872397081164977,0.516709941215125,0.159564407759892
804,0.125819757847573,0.145434832629274,0.168248446445387
864,0.152098699751692,0.0460123490125258,0.188834712580494
904,0.0914566489344356,-0.0271444558529001,0.171324796475814
934,0.0214745065989604,0.347734094429292,0.212767307306162
754,0.0767964587688822,0.418363675439991,0.194848623336594
714,0.102385822596504,0.384345545926898,0.145086683064624
734,0.0286060215990245,0.0527366340899574,0.166231225259133
594,0.133559693549722,0.0991176781729315,0.181962182398282
834,-0.0186666397347881,0.182158807459538,0.198175273316568
914,0.0612717636212951,-0.705460702839941,0.172286406417713
724,0.0694540396168349,0.00711281556223078,0.161461657881914
854,0.170011936821749,-0.0634548947988766,0.170636794276335
874,0.00882902359695583,0.287220112406057,0.153411315485161
784,0.0312440701188628,-0.192725128718138,0.185490143197681
944,0.133873472585456,0.43457070245758,0.170275385736718
774,0.0627279495447785,-0.109946827781103,0.183358287246988
744,0.0927263785480903,0.0499427151966876,0.189246772584561
814,0.0645733401740916,-0.0676540856901856,0.166941225340535
15,0.0891261033249039,0.180315625466878,0.138928949123924
95,0.115377455869161,0.307207208361326,0.192730562927356
25,0.0892719881574959,-0.102179267002605,0.17757560798786
65,0.101802238754865,0.178833652460351,0.197636544611725
75,0.0233447125767718,0.0570251157202128,0.180556371290679
674,0.102885144297198,0.0548454972928015,0.179361828275759
644,0.0656635982830144,-0.0769863828134426,0.209170429745915
225,0.0627310836643675,0.0469855524368503,0.164970214200375
574,0.116825994116512,0.122574718647482,0.196556022235805
554,0.0938816683676423,0.0844060200005552,0.163332617561087
564,0.0614747602999388,0.286312780121544,0.203088826156994
614,0.154034430136587,0.237418688718949,0.207078718705859
524,0.0506334685460911,0.206759000231207,0.173440602352736
434,0.0436910256467531,-0.13489039863478,0.192164779737829
664,0.0619035959785032,0.264000059681613,0.150355600184548
634,0.0832683303013822,0.301020677905708,0.171280524371481
514,0.0449837407140453,-0.265492417317142,0.190580185601853
104,0.0445455274840155,0.340540703362805,0.188667311596903
534,0.00881861312453414,-0.570576368220011,0.17393368549872
454,0.156755380073134,0.0222352769738278,0.194391464666561
544,0.0886882998152215,0.276192313924605,0.173393788566089
494,0.102392293806398,-0.0284644646050486,0.187854375245284
604,0.0820887276149863,0.192857900874368,0.21797567010427
404,0.113656503640391,-0.0261216795241457,0.154727877151306
464,0.122937567617228,0.0211178827772663,0.161226589947024
444,0.120001573105196,0.143693627440825,0.163532893157912
994,0.101580500386968,0.221532305739686,0.182955909166752
85,0.0781148465158662,0.106561932895965,0.16818124500921
684,0.0393518799404263,0.0131635966982749,0.155433011120825
694,0.09894128532315,-0.0732298614059851,0.177525431217009
424,0.12886517201706,0.0984907331657893,0.179607301806547
704,0.0876724204168432,-0.244560576646946,0.138097906649909
205,0.103287069552741,0.530083670536257,0.216558767259189
414,0.0422585587567511,-0.376235794049726,0.149761440969205
584,0.0280108591222407,-0.0300975360763598,0.16987273607084
484,0.114450835834492,0.0184846753739923,0.202480446888755
35,0.0527132613671863,0.351271641316244,0.200462383541626
504,0.0778410888680026,0.337186666909166,0.110832371764112
215,0.0229569613727764,0.112271007898844,0.152558264118905
624,0.0789779051158432,0.204880706891146,0.202743538159325
974,0.12219909840316,-0.201126453385902,0.159646556673195
654,0.0165909034712725,-0.256769135676995,0.168863170736108
195,0.00214653073853986,-0.280243158380515,0.188614721907438
235,0.0340289524303378,0.262334115421235,0.124984609232068
45,0.0322615174277564,-0.114392668728303,0.182082941025404
55,0.091263139033843,-0.185251326382118,0.19161481289124
984,0.113990135969611,0.236183729262746,0.140180255318196
295,0.124963545483879,0.0551580221459632,0.185694112883345
315,0.0946717808191224,0.119109842934916,0.166802902267416
275,0.144074277883187,0.228749752921962,0.189054958512921
255,0.00551844759561363,-0.449120013370007,0.161818300778993
305,0.0752587035894037,0.291183506516862,0.194600251165491
285,0.11340541528888,0.241612819997297,0.150443154910288
5,0.0939860536850636,0.17817877013417,0.162362880643173
265,0.0804168375826576,-0.128343305009141,0.20601025143902
245,0.0591692262475522,0.340901252636319,0.173105205725739
325,0.122649949576231,0.409076138868984,0.180372003655474
365,0.0489192498490587,0.424368682972605,0.153510434187776
165,0.0843925012930364,-0.227072881210476,0.145518914955572
375,0.0917812969167305,0.0104952680934528,0.219586352733292
355,0.0598662609390616,-0.0183037112080943,0.155339748962403
175,-0.0318353678282356,0.0741476733587762,0.227056296307273
345,0.046018232835047,-0.0948929513973442,0.157097348119184
135,0.0832518902306635,-0.182589053045829,0.154429182617071
335,0.102010238127401,-0.0364925172258352,0.210525068960128
115,0.0414520411960435,-0.145268318601832,0.212491872848312
145,0.0318869532455848,-0.163156438461564,0.184346457251447
964,0.0940481963891765,0.394063310232911,0.150987385068381
125,0.0444931964866287,-0.385732937818433,0.163928746572076
185,0.0875596813399174,-0.246430536804856,0.207181052000658
155,0.0900555642374605,0.112727041862155,0.123915457637754
385,0.142436600093836,-0.160436452952907,0.181449702627312
395,0.12384748464653,0.21616522396726,0.207025457063043
845,0.0684698751705253,-0.00174922565165653,0.201456854425669
955,0.0208990253077675,0.0259527125595631,0.192218035981688
925,0.138418679148149,0.788863722694231,0.187113982769329
475,-0.0575369720475308,-0.0653491255708462,0.238754987528346
895,0.0654253256615968,-0.315866432431943,0.196844974093748
885,0.0611568552395938,-0.104805371183293,0.209235768256766
795,0.193873569342157,0.607566447618755,0.163114490212383
805,0.0731102916251877,-0.230085783061774,0.175284416141931
765,0.0877131485698981,0.425107056704742,0.21983343255922
825,0.127242662476751,0.0964547508988186,0.198373638930897
715,0.099599096800542,0.033802012507138,0.146956548226644
935,0.0774991972500695,-0.132433719665038,0.163646033270828
735,0.101746332555519,0.319900473120109,0.177747348557467
865,0.0262714106764392,0.0684492676465246,0.150158703466202
905,0.0796844010162702,0.288630334849355,0.197055248404779
595,0.0559671629069924,-0.261991850323884,0.201673555116524
725,0.104782767429099,-0.0603137769786186,0.226711695270688
835,-0.0102928633741805,-0.445835466425452,0.227327881120703
915,0.0371345075548623,-0.38776364314952,0.186716852958298
855,0.0872627922799237,-0.126976850235443,0.172830894222525
755,0.0884884781366466,0.286080272182873,0.175093081661455
775,0.000943704312815375,0.0771782927921871,0.190423174815095
945,0.028967158590576,-0.0790956813796445,0.197978997275584
785,0.0509952021828187,0.0302161961456549,0.152980193743169
875,0.0841919075174321,0.0437010418695787,0.193987224293572
745,0.00840204670833047,-0.0436173466801065,0.139536906221148
815,0.14914556789235,0.00492667220838575,0.131874384543764
16,0.0115647312104707,0.319853504258092,0.152177233735908
96,0.12648537993771,0.141099813683135,0.164352409297041
226,0.152073200717672,0.10428284413494,0.148813726416647
26,0.157887239706531,0.026966358922998,0.171829869692413
206,0.0555279684858236,0.138231576996805,0.15053410587022
995,0.0227529901986798,-0.0530982921808313,0.160326884083499
216,0.117052950590803,-0.11974056903746,0.186999063268331
196,0.0124054525370544,0.253590746175171,0.183720926623212
236,0.0446963628120582,0.0640604996601882,0.182317365592931
66,0.120560764850471,-0.370012407873201,0.183059047736416
76,0.0190532364990866,0.0422756151567714,0.16947362382273
296,0.0915295144885122,0.384657017945279,0.200837283269161
645,0.110436804161838,-0.00201246461314286,0.21064703753447
975,0.0762160814635583,-0.247670901039216,0.166087424098275
675,0.125164525868553,0.612323469213009,0.135744797026875
575,0.0736338228784322,0.326270421653796,0.187114003091219
615,0.153812512558172,-0.0294121344182313,0.189995776482794
256,0.0284897072747959,-0.278494950298597,0.16182347738284
635,0.0891048710461322,0.361362100122244,0.221132769348622
525,0.0504911482541855,-0.0530923783370441,0.201850634172634
565,0.134010616813171,0.649666493762012,0.142071863895603
555,0.0330887948106131,0.131418433794222,0.22325990631121
306,0.132141930388109,-0.0239888997582239,0.150890059138771
276,0.137970054877054,-0.197250198463433,0.193703625509933
435,0.0258228999802514,0.113331023201935,0.17726024938899
535,0.077076590234288,0.437472588226678,0.178069128684685
465,0.0229268553979681,0.363008005966211,0.207679926952548
545,0.0572494323045547,-0.425274092095053,0.19978148369543
515,0.0449330238476186,-0.10452893122962,0.145749850177997
665,0.0783434774437716,-0.0406555639522747,0.15838530896925
316,0.0260446391694285,-0.00711129769220202,0.223618399692424
105,0.0242973139113452,-0.176105589071863,0.239719277584377
445,0.0950173460854195,0.255572748255569,0.146324024018049
286,0.112554483225879,0.00794042374365459,0.151934799952776
985,0.130673415576703,-0.075404495590309,0.150804078582209
266,0.145370985106705,0.0708797343073749,0.209715119957242
455,0.150578432654011,-0.0312781197358739,0.186444770442198
685,0.0710078008934664,-0.0912490008519982,0.179662125371947
425,0.078235267342641,-0.0751813952893182,0.209069804880733
605,0.0353080693653114,0.119822482060778,0.196273848892454
695,0.072586899528027,0.426882004343582,0.203563210600154
585,0.109379012505873,0.128703391653786,0.147258481822622
86,0.0484795168069896,0.109890396353463,0.1660809889648
405,0.0318653606895721,0.0656146356485231,0.178141163364782
705,0.090025520510528,-0.218017238327412,0.171787036483337
415,0.111977540441415,0.119004345144452,0.159148873380067
36,0.0683077888442563,-0.0755880468426034,0.163896959266427
495,0.0528884783863448,-0.306216105194798,0.195230021398632
485,0.0173688839802806,0.165248876492997,0.149193348300528
655,0.114523772551029,0.140553689743564,0.150322127631758
625,0.0505005017688825,-0.0268297478482939,0.225035719538433
246,0.0587292639798672,-0.122543845670288,0.161467580588388
46,0.0384639340936584,0.0377745835655677,0.164156126148432
505,0.0943944037643044,0.26223484002269,0.0928592601222475
56,0.0967741847896289,-0.16683721281269,0.17620593430426
6,0.073531910347629,0.217423867218084,0.150982409189395
326,0.0817837539371084,0.0535267115894896,0.202370646030073
366,0.21205557082248,0.159969976127256,0.162061922970761
376,0.0644644291569433,-0.102320589333977,0.144688739656284
356,0.090947912249438,0.0797933083645829,0.204243800084073
346,0.058993521532565,0.0289703422331069,0.178274704002628
176,0.0740329442866253,0.313755230693176,0.146500491918736
166,0.170519542417169,0.377076578483963,0.159743516789385
336,0.114750692970125,-0.0914984477199054,0.167717782501883
136,0.0891018967370532,0.207291409404172,0.149065251209105
116,0.032638312692285,-0.0159621671774606,0.16525362849486
146,-0.00517738662737316,0.044708226685307,0.177571631282755
156,0.0853353226543046,-0.148096750476639,0.164366994002438
126,0.0542219334049203,0.0532731333419637,0.195724895234376
186,-0.00371753936424048,-0.201687373109758,0.183199430314879
386,0.0836872846709501,-0.254215415256501,0.179480600088684
965,0.115041163207743,0.223843697616596,0.151252830853615
396,0.112416657507417,-0.0210078494629737,0.19397217788729
846,0.0131820244949107,-0.0893882278996745,0.179227046132507
896,0.0271689783955314,-0.0615761339962021,0.166253116648884
926,0.0893671627578734,0.118736643314354,0.179359696886385
796,0.0694405915714874,-0.294819326566654,0.156060621985284
956,0.10228938307369,0.357742306620964,0.213747128546592
806,0.031522147825431,-0.011598010922522,0.217414903442146
766,0.0507553892160778,-0.044961191827062,0.149799116614188
886,0.0256576471096884,-0.0302126341679308,0.150720012316442
476,0.0389579036050681,0.409215257719278,0.162094535749682
716,0.118224580671961,0.40396066260813,0.201918550855467
826,0.12476739232821,0.346191190147262,0.103850018019502
906,0.030596368596506,-0.0998413671722776,0.15886677006952
596,0.0676662127802269,-0.186457064663312,0.173252589671152
726,0.067007460701555,-0.120062008907565,0.162548682667747
856,0.114579374043855,-0.035787405922675,0.16303816098788
736,0.0063217280223852,-0.043791772374207,0.185090545431589
836,0.063796475092197,0.0213116194961839,0.156900603493037
936,0.102148330232291,0.209700538504496,0.174859834983237
776,0.0982985606092716,0.15095180767525,0.15506877165586
866,0.0990058548726824,-0.196406641225199,0.170115613869171
916,0.138246847707342,0.260221557930688,0.201391063296702
946,0.0651426202796876,0.0100353832012415,0.193347175480977
786,0.0381751822926678,0.263739158752438,0.161792741276684
756,0.0345721287503311,-0.0422569247552706,0.159544165026549
816,-0.0183622541340166,0.150194197330058,0.192843543500615
876,0.121211837958393,0.147561380528397,0.206044350890575
227,0.0675907945078611,-0.176536841970937,0.165160740885532
746,0.0991405973571474,0.215942492618767,0.166267142458672
207,0.0667401290369583,-0.0178244361246347,0.154960356425182
17,0.0257973332588041,0.127357131549083,0.184746078354878
197,0.146946444417208,-0.0526452290514257,0.183267658237671
237,0.0599073077484855,0.127899111733435,0.164007886382281
217,0.0775408777010635,0.115021113705434,0.163855455045583
97,0.0842997654865423,-0.165983064012377,0.20101089888072
996,0.121381834173678,0.30006058933402,0.182321697713122
297,0.0707620365788255,-0.318619621724589,0.174648735869219
257,0.174064443155409,0.0809217025569196,0.140662062649153
27,0.00118995879571646,-0.437423672223199,0.169883750021993
277,0.106708390169775,0.0243561193247533,0.127606369042324
307,0.0898921062950595,0.00532177011902642,0.155186261425532
976,0.0368965904955631,0.0692381385084672,0.197845840032537
267,0.0892030941618026,0.114720979767518,0.175669488431092
317,0.12729659161562,0.204631729653109,0.207749858706868
287,0.0211235839475953,-0.395049485671107,0.110534296680882
986,0.0866816380542595,-0.223692223816673,0.203422974297348
247,0.0599340639870757,0.187258333480108,0.146920192002856
67,0.013323485664419,-0.165606171147127,0.148710333797905
77,0.0902170725080956,-0.121328350876402,0.191028088694122
576,0.0924243359341515,0.0204087856894682,0.209190313548021
636,0.0578068633015402,0.381740337917371,0.129526767635123
616,0.106854588105564,0.176336822627661,0.154286693118734
646,0.107287529081227,0.34109867906376,0.170035458398289
676,0.128713401824847,0.290749236477979,0.13970690696082
526,0.0603613154276391,0.252965023124239,0.154242813067254
566,0.125151491170528,0.0242547099840373,0.176500556618787
536,0.0533999648574795,0.171050313502377,0.23567518115796
546,0.13908660215619,0.237996915703116,0.186522183908246
556,0.0468033968729138,0.284410043658344,0.181355859133024
436,0.0996857244936078,0.218881014010147,0.197586861232689
516,0.0148976485121103,-0.550369993599672,0.164662033826762
466,0.0690968137707066,0.403747289871728,0.201964560364632
446,0.117961709822967,0.0784965214207867,0.208244315823693
666,0.0155440330251405,0.0708641535718598,0.182838609442395
106,0.0250170873912679,-0.162469731324016,0.134456641515651
456,0.0556456389567594,-0.0163543108953208,0.173594147082744
696,0.00430387889134121,0.0863518897409678,0.214206955681168
686,0.116664539034994,0.0658352472742118,0.161802067861611
426,0.130551448840659,0.420651208500835,0.227933998597032
606,0.0766242392923624,0.0720664370941881,0.184811716350757
586,0.0834324178632709,-0.127270575913782,0.194397002293582
87,0.0664696590816412,-0.219291961116995,0.207585495293775
37,0.135292738774407,0.143187974083811,0.166366033776475
416,0.0844266078592101,0.0601485896695667,0.150786545957858
406,0.0962108161347234,0.1783005982292,0.18422228674916
706,0.103621451005948,0.0936745586711877,0.153916182200577
327,0.132567262148929,0.104589668411771,0.15724183106718
486,0.0033550686346108,0.141725247065218,0.170272171118209
496,0.103466057851144,0.126280159981367,0.200468351243017
367,0.000651758061265227,0.189639811532795,0.228222077107911
656,0.139914293640712,0.0816309062326646,0.212425969207065
47,0.0702440314029064,-0.0119867275883135,0.19842940694511
7,0.104417142054879,0.257965906859758,0.204689591720243
377,0.120302833896854,0.366599966468905,0.178363394259187
626,0.175569577468302,0.0674019864420723,0.135530615707056
357,0.12326976556989,0.40733338786746,0.20411241817986
347,0.0524633531793976,-0.145540542110208,0.117983113201969
506,0.00807997202086547,0.222522994884345,0.176775783395875
337,0.00634919399849948,-0.255622253246396,0.171450739032198
177,0.127452352539146,0.168818977856447,0.176442180665029
167,0.0892658672375226,0.38934031851116,0.235312290823435
57,0.109570629495833,0.0386649512967731,0.209020476970382
137,0.0709072196084685,-0.0920240866760521,0.161128756504823
117,0.00358459748903816,0.247377043139701,0.193834727858766
157,0.0533203533201089,0.0358417239958114,0.14367145680839
147,0.116382863623743,0.285967044582261,0.152876294728674
127,0.154289623030505,0.0928055459252343,0.192829853647201
187,0.0716770959470281,0.0865511543568054,0.205639522928612
387,0.0713672560830826,0.196066820952307,0.167474951257943
397,0.134816895886207,-0.0674783165887985,0.17145672896212
966,0.144837885094367,0.316773205261495,0.185676341498444
897,0.0762297488435175,-0.266644704143009,0.1522946180103
847,0.0921217323228349,0.18891316712946,0.178131680728201
228,0.0257336573732749,-0.0196317997808205,0.1418950206784
807,0.0907360176639267,-0.101639477563579,0.167927974876077
927,0.0916721241025275,0.176243519665059,0.195809194046313
767,0.137637418316709,0.284654828582365,0.152176815556964
957,0.0551806203546853,0.104584294512574,0.130874157630171
797,0.0856525629311665,0.0617301368844319,0.195205703461503
717,0.113576033957533,0.374403761444801,0.155397335458618
727,0.0594297158850491,-0.528948223588976,0.148450447877717
737,0.0827714633817534,0.0154176102174643,0.144953289932138
887,0.142282380044574,-0.0469920257586413,0.196995302374515
827,0.0716258956879256,0.112721864075399,0.168835786453434
907,0.0866971318563498,0.297571314014117,0.163203049093911
477,0.0602401623432395,0.14601354555581,0.182598094885832
597,0.170938374661235,0.010582686720616,0.207484577460771
208,0.0648883344507271,0.158772665534782,0.193809033508266
857,0.134123473357377,-0.203058497055564,0.193743037634756
777,0.0582963893438823,0.185988693536288,0.178368629550128
937,0.104994628406317,-0.0178094934607576,0.177713695823239
837,0.0802468445578954,0.039316514628319,0.192472087009044
787,0.0109098254617024,0.3670748689463,0.145592991348064
867,0.0372942826338769,0.273833854396994,0.184231708509742
917,0.107774595267841,0.0837311322464665,0.208659990726595
757,0.0838860415421958,0.131119486813446,0.181910304216541
947,0.086104857758021,0.13203772061903,0.192811787455966
198,0.0985777135846938,0.0377631609327007,0.18050412520566
238,0.111144941133356,0.0680369810208183,0.167285184363015
817,0.114033859304157,0.913892373216252,0.176016432210661
877,0.155446188557308,0.138062296723025,0.169034842795887
218,0.0831541501955655,-0.108493435139842,0.192701853130871
747,0.0847468393145606,0.00299211744993315,0.169127257134312
997,0.0465575273734695,-0.400727371858742,0.167633940858395
258,0.0888338247788599,0.00973839936494641,0.169227843836031
298,0.123472931766874,0.0475406975346166,0.182096293364245
278,0.016235682968049,0.0124494607198134,0.190000242107258
18,0.124462565951492,0.254359472649777,0.142203431234352
268,0.0376076686458587,0.234675655322857,0.153441536512031
308,0.0434903623940042,-0.0318585045386691,0.182202230772652
98,0.0337191001520416,-0.408766359835758,0.188814792269498
318,0.129479191625261,0.303596716927848,0.184993885643695
288,0.0411976353628557,0.051543749825309,0.202628429377198
977,0.0352164349134489,0.247135303019794,0.176187802678719
248,0.0831641640566569,0.109521930874008,0.209425656508223
28,0.104870098467929,0.212107078835677,0.174538227376846
987,0.0992368995330418,0.0491807369026453,0.0886118448424914
78,0.045348824767257,-0.319286570442995,0.155632503438927
328,0.0678183713010802,-0.0629984622232791,0.212881719568358
68,0.0511036818707983,-0.142626732130981,0.207126767211362
637,0.157040314793006,-0.0381520058780064,0.204344151107738
577,0.0693166517947357,-0.146097234169662,0.187746496689775
617,0.0481110377556378,-0.178750316753951,0.208072283011581
378,0.0692401111460485,-0.215537732595419,0.198232699373986
527,0.0368630890465297,-0.112331055026816,0.211097073999725
368,0.0810720456027083,-0.0188266349410203,0.201879106167108
567,0.0237984241048083,0.4068118042721,0.173348106054553
677,0.0387276000009437,-0.153268507534506,0.176861129065935
358,0.0480657580558592,-0.140157469713212,0.117297914132202
647,0.0496447659438171,-0.259884091215268,0.185334928700574
447,0.068475048308748,-0.0779475756904922,0.19793247471319
348,0.113954738820042,0.145898542052503,0.129594093290369
557,0.0501964978788536,0.176050137765596,0.16516303943431
467,-0.00561058250056521,0.227104539639296,0.182709346620076
667,0.029170699574538,0.303477506046525,0.159393130223467
547,0.110069838056942,-0.00148755495969036,0.192849593447876
338,0.094175411342418,-0.286570990079273,0.150384353335572
437,0.138720433207782,-0.0537373635086038,0.15672437304923
457,0.0578599910049676,0.12994018477094,0.204505889362286
178,0.0992808554138457,0.507630370869117,0.163491886793188
517,-0.0112867476017535,-0.0993049732189021,0.152896845768025
537,0.115733735250857,0.150117419291321,0.179946391104636
697,0.103926178495135,0.123062481431905,0.190711226696754
168,0.0522685366856172,0.431194009059056,0.215562971374033
107,0.0795114317910843,-0.0493610570554906,0.117759084630564
687,0.0806116595235714,0.139959263163195,0.118331866948206
427,0.133333909996419,0.269079620693079,0.158761101459158
88,0.100881851193124,-0.190085746019957,0.158623950721946
38,0.0797062465478467,0.0917136450280835,0.174701714011007
417,0.0765805494378271,-0.0450383920741197,0.188523329580517
8,0.106010397151331,0.174867647257365,0.213407873054708
607,0.122147781713094,0.169140466505435,0.222535771655957
407,0.102775448602142,-0.126877314435983,0.138309301955987
118,0.00259827468414919,0.350342440551127,0.173768677158956
707,0.1687104946373,0.103576972252971,0.172861901688196
138,0.109849575921758,0.0154703911643278,0.190509626320703
587,0.154880423365274,0.197405845624127,0.146532245343881
158,0.0752558737255334,0.21609402574526,0.172937764242847
657,0.071265032417802,0.601769703306353,0.201056659805834
148,-0.00775872727270842,0.107010394868325,0.165033309761816
487,0.12402809038271,0.536995587288459,0.172893980866634
497,0.0491855829161363,0.271281908206303,0.177489803897274
388,0.0160972430506137,0.0316088184419755,0.174476766404735
48,0.0702698365376632,0.0990967752039233,0.12234537603122
128,0.0288718204200708,-0.13506512887272,0.18053857432754
188,0.0429552705504405,0.240785517432624,0.194999557449864
627,0.0828588074258768,0.489894621239125,0.173535715371228
229,0.0619632694091911,0.0283114237303656,0.201792989959934
58,0.127931668257683,0.216115103767819,0.161217285711949
507,0.149999024442285,-0.213967866322288,0.181191030087504
398,0.1492946603077,0.00280070315009014,0.192740091498906
209,0.117901529800089,0.317182407088516,0.193300499757981
898,0.123087730738807,-0.0366068891300235,0.189353573349768
848,0.0699050838755187,-0.121071660816186,0.180184847326659
808,0.0554310305453702,0.200910069745514,0.161037491429569
199,0.10539914354352,0.639731436527252,0.16693947894796
928,0.0914178696664663,0.118119066530082,0.214593021746699
967,0.0769248204538726,0.0764602321433479,0.161436048671195
718,0.122570644607606,-0.223557475106824,0.190958343057314
728,0.0195590495159851,0.0134686630090113,0.133931400847722
239,0.0563593756966036,0.310420946028212,0.191619416670737
958,0.0927778086495469,-0.172909355572495,0.119093420095626
478,0.0475279109351187,-0.0753772191477505,0.118241944533142
768,0.123507554643965,-0.135367912888266,0.181679238408986
828,0.0137608368764844,0.00557785445078061,0.185178166451859
738,-0.0188538610629367,-0.0240670702402506,0.17803767621505
908,0.084903310293921,-0.0594037877694445,0.177638810229205
798,0.161622697785203,0.0807504635274021,0.170563832479263
598,0.0669461973933538,-0.265005725004506,0.19613327858409
888,-0.00876746535781636,-0.171235416242398,0.221261223801298
858,0.0973667808726323,0.0255579429620047,0.230294202666523
778,0.0496647561806509,-0.0678503737732736,0.171523309822957
938,0.0670785050722233,-0.0418946572428148,0.16678648372118
788,-0.0045787230012868,0.147763426751687,0.149665052677808
838,0.148525881265024,0.368909260750873,0.173178864240627
219,0.0672204079036131,0.312785653290713,0.189925222417354
259,0.101542853586016,0.513538697835594,0.196148376168701
868,0.0852042695527089,-0.158986867210624,0.210471573299571
758,0.136519616888757,0.0972494904485761,0.247690308143271
918,0.0677984293874016,0.145305525355838,0.172460258647059
948,0.102773837661446,0.0501827194197068,0.184104314259452
299,0.119337349652218,0.538709182267205,0.20861980998845
998,0.111024105268481,-0.148760443505736,0.168983437848767
279,0.0910500777689281,0.330609033432488,0.204650644998389
269,0.0396195825281216,-0.263836709985626,0.1809140831113
818,-0.029595738998053,-0.192601476820913,0.179543954049027
748,0.101487515944497,-0.156252019292132,0.199103141563459
309,0.0584625846511223,-0.436562777258084,0.189115101312104
878,-0.0212131009038485,-0.0328350543392558,0.198378314713037
319,0.0875700363269655,0.122949812495764,0.134200290455624
289,-0.00200135125860678,-0.124803960292163,0.228354642913559
249,0.0915450009849635,0.191829592538975,0.167989347398569
19,0.0514756187716418,-0.00745423998893021,0.19560276186974
99,0.0864842276485904,0.327174712054097,0.167450600677361
978,0.0691741206833948,0.317354689590852,0.202382745125259
988,0.0289428811199764,0.186685069562426,0.205025712460305
29,0.0898938566517775,0.258060128520927,0.168253993903038
329,0.113646490739996,0.208046262648215,0.216513380032211
379,0.0381110624080672,-0.269389042744246,0.143828132124536
369,0.146746007654256,0.397610085510683,0.181387765988396
349,0.0877983120099479,0.0880652503111638,0.183651585437275
359,0.132046285978259,0.0378306900426953,0.158357703538591
339,-0.0101142599508606,0.471289843265747,0.152757506384276
179,0.126161530903578,-0.176297362809434,0.191984654433702
79,0.110346003543969,0.434212443168693,0.197600496526108
169,0.0887298997263801,0.116518990757801,0.179017394262812
638,0.0620854388070097,0.0855112164508531,0.180487086401245
69,0.0703465044755983,-0.0499380795191082,0.156220789465873
578,0.0512317812460181,-0.0202596923425332,0.215820006739289
618,0.143895680629576,-0.0403912558331228,0.187809607415757
119,0.108107742412336,0.323533698403093,0.166261099341842
568,0.059582768689866,0.589640655638096,0.172321459678505
230,0.148596393107255,0.122712240757141,0.212131325808984
139,0.0871608432474428,-0.379291017544197,0.184557857552251
159,0.0768666094536309,-0.0298492242046197,0.118948094108387
389,0.0734290151804911,-0.154911980617095,0.228452878799938
448,0.00479755541897462,-0.0705445708549162,0.194787065310988
528,0.175267898600488,0.0246100342709547,0.179115800065029
678,0.14930533203211,-0.0864626956276897,0.142615974506837
149,0.080198393838444,0.250614485198476,0.195763000436323
458,0.0414602747593022,0.189730302890747,0.227480911414059
648,0.0544899459219883,-0.0822401750098757,0.186250018146004
468,0.0496792068759736,-0.0890253194363858,0.167164242637299
558,0.0639071330318976,-0.0808672074513375,0.189831317429353
9,0.0291823118707849,-0.2144483006571,0.196309089956129
698,0.143808663338743,0.134444849713857,0.152900060074665
438,0.144571114882991,0.146946356523212,0.178269435013261
189,0.126198440042699,0.00745201067007027,0.206692930036634
668,0.116182936283767,0.436437515193957,0.17509687434339
548,0.115263489887058,0.190914106793804,0.148534093921185
210,0.0789220792051691,0.0719486114838023,0.151258611306895
518,0.102439167555092,0.114758115311113,0.193289889139902
129,0.0244350322822957,0.00287235368304394,0.180723330207542
688,0.0586140604712114,-0.0276861576712643,0.115726421600983
428,0.0651687427548961,-0.375414900704274,0.15480433651198
108,0.118655404148159,0.194462630700485,0.147330664619286
538,0.120216388641194,0.361572669191789,0.180684213240657
418,0.0284639739494445,-0.282065659582383,0.150478095152235
39,0.0620063612111784,0.524075592449327,0.200484695209607
89,0.149539659941445,0.227311930143863,0.172027496999676
708,0.0945917719729259,0.196506912583515,0.170238511885078
608,0.115954214255492,0.171947918195571,0.160973455061114
408,0.147148883718967,0.496790841909075,0.202113247565968
588,0.0303960310998183,0.054279756129677,0.122829673602318
200,0.117135270746436,0.199762789709995,0.183061938708355
399,0.193964814719179,0.122531256665702,0.134945714558307
658,0.100615131346623,0.300684981542784,0.195227222451488
240,0.104210907292018,0.0416984747119471,0.183323895468521
49,0.040630091464253,0.0953182494126622,0.191288465112559
498,0.112291300747893,0.125422678640844,0.135996123045893
488,0.0169197327716313,0.0842242395399306,0.137963074615181
899,0.0798640316279733,0.0620968578355708,0.157433848970362
260,0.0514502343294453,-0.217289491002695,0.160371743120515
628,0.0196270135914172,-0.28318504498567,0.161697007848805
220,0.0729298771857202,0.370332012948692,0.204390764843094
849,0.068572048122195,-0.488256014031062,0.181093781987111
59,0.0325659054818539,0.309198508721036,0.204308328821152
809,0.11225824572498,-0.310351206796765,0.149090239677866
929,0.117569016257457,0.11609537814595,0.215049229519911
719,0.13123689613014,-0.168238098959974,0.143534357715844
729,0.107512593341462,-0.0341368936834509,0.150311252703041
300,0.0894562792312041,-0.0738693941545925,0.183644871475309
270,0.114534075102328,0.0965496233111307,0.205889536308671
829,-0.0048766840242739,-0.101457397298758,0.155865135846358
739,0.123649378887504,-0.0388093711193407,0.186288077483373
479,0.136511258962431,0.147396678747753,0.144538349936663
968,0.0817515388433777,-0.0390415044912519,0.18351882149323
769,0.0697624145121631,-0.0719902616856742,0.229698335198026
280,0.0637884162191536,0.139498527179434,0.16088975422107
508,0.089818476484514,0.108330586713507,0.194334368495806
799,0.0437224506833937,0.139918014176929,0.115285100311104
599,0.0715326447750203,0.283805973449524,0.187959846086461
999,0.0295862745411215,0.0889222113954347,0.175076252748673
859,0.0507203581154654,0.00278843424987403,0.183483375860303
909,0.0824566922736653,0.371495493342523,0.186228491335572
779,0.0632737386721184,0.38808329279244,0.125728210848465
959,0.0375061392679888,-0.14977134998925,0.17348695513182
939,0.0298390414885206,-0.0984819995106297,0.170074398169698
889,-0.0167538711301449,-0.359115626312366,0.167659354787399
789,0.125912656118495,0.0795056399725841,0.145159062505724
839,0.0462198071122456,0.231152465435826,0.233769711680868
869,0.117463909497792,0.296972449716784,0.192846857455427
310,0.117252038330443,0.0832767143206421,0.181558660921155
320,0.0861230398139932,0.315844295265601,0.177477981967743
759,0.0309064835628752,0.354631877167558,0.154282268740525
949,0.034196552438311,0.00658926679650014,0.151708045669567
290,0.11931858306934,-0.00511257528616758,0.223927326697747
919,0.133305768416083,-0.0538252962464232,0.147236090511485
749,0.0721963866643807,0.104500304431198,0.169036481195115
819,0.0695817694663585,-0.359640172095298,0.160231713996782
250,0.0797612560599114,0.0220759396144579,0.178085780377387
879,0.109769944346142,0.0840891397751262,0.174711296190428
979,0.0239179551638567,0.33693927053267,0.185219398760937
20,-0.0435678829749159,0.107030477782333,0.180064245083204
100,0.0306227659347409,0.19330898191843,0.159669031384622
989,0.153467009418843,0.365513595752801,0.138545511623183
330,0.100878806862,0.374674708363702,0.120917711341896
30,0.0124964056119498,0.00177141075111509,0.205915820315054
370,0.0326580014922596,0.10389235156938,0.127140564284898
380,0.0907138046598815,0.468744503480372,0.14811427698244
350,0.130182586193298,-0.0938742299180409,0.178739154604149
340,0.129066232928083,0.544393005464041,0.204415048230367
360,0.0338746716046438,-0.25192139072419,0.163372949849491
180,0.0361988787670909,0.189346460580836,0.194436139599267
170,0.076684582958661,-0.0904402663419184,0.205376989454912
120,0.0578992388875618,0.0905833694980352,0.182516527967741
390,-0.0154110552420846,-0.0697462102840143,0.130316751690031
160,0.0504876172452624,0.0167816689533812,0.189202607652966
140,0.15915577321153,0.0894167793290024,0.169828834164953
80,-0.0251153970601198,0.00665066064961077,0.175919481632123
639,-0.0296219289806838,0.0256356385649325,0.140925474277967
150,0.150204252748847,0.273566171062945,0.159433106193483
190,0.0392558860607821,-0.0559643019019375,0.180232475157875
70,0.0320649798890698,0.0451772810694357,0.165015026834946
579,0.112460986206916,0.509290092961593,0.214638153187596
130,0.0569735056257125,0.0212346507484394,0.147349545473151
619,0.0580664955588941,0.301497154567193,0.169810726549304
569,0.0635930864471697,0.153885975091022,0.175507572161008
400,0.130001812039958,0.0752597182935801,0.203800780207638
10,0.0941425846977362,-0.0116563891866999,0.175386537072366
449,0.10243057489426,-0.0657893593167121,0.152783668340765
469,0.0219854616931065,0.274364866346136,0.169415715456117
459,0.0437528155013104,0.137644476065955,0.20891920185438
699,0.0795257126044108,0.0934766499294542,0.192347535714981
679,0.0267692372684417,-0.0547319566480214,0.208564694895659
439,0.133037264277388,0.162091278028802,0.216334132780609
669,0.113658563999774,0.222094562510006,0.208178000177854
529,0.0669137658376301,-0.0920349443157412,0.181707019581675
649,0.072326570381094,0.0498859600854439,0.181765928325525
549,0.0669106782412667,0.0676213460877458,0.157329714668255
519,0.17440533756567,-0.0622874356996722,0.141009116227736
689,0.0493050739604267,0.355853501202363,0.164119112917744
559,0.143405281652601,-0.0439807141298494,0.176157935578195
429,0.0552742001494233,0.0244460468795925,0.175406660019065
419,0.0872797319602011,0.318475195110635,0.200303914502022
109,0.129006913607814,-0.418691024495181,0.188713210637443
539,0.0844537301864512,0.218778453917387,0.1318576671986
40,0.103468800306081,0.207794862532896,0.188360725144956
709,0.101840030527997,-0.0826706958028699,0.142099858105343
90,0.0624659240115847,0.202987258734736,0.181575664937878
900,0.107982750081017,0.0136041757131159,0.15630085070551
609,0.0116690033230245,0.20784739340075,0.206688269406909
659,0.130273123675634,0.322386428962764,0.219081058898539
850,0.0516931290618703,0.012607259694253,0.15889806940051
930,0.103564391653655,0.0726905664837562,0.188359924382532
409,0.0678641550319265,-0.161844990855594,0.151229810202054
810,0.0801512694711374,-0.0820007281644788,0.215854473651395
589,0.0320728567527569,-0.13133065499833,0.172136577920467
1000,0.124197947335869,0.515460033379917,0.152024452775999
720,0.103733525697138,0.038542415938771,0.219455092843062
730,0.137350959919053,-0.0601162620052994,0.182227386858724
830,0.0500428634120245,0.484353572601023,0.160993996705538
50,0.240483820820279,0.0698783022791246,0.215569260131854
480,0.0780290992271774,0.0690120286268758,0.140492321398044
499,0.0044135106112695,-0.241724196345235,0.175239518123755
740,0.0424685053438822,-0.154422769651372,0.170225919714262
770,0.0777980790011531,0.176355654516684,0.14606934706114
780,0.0305003806039947,0.0677811257382978,0.235769256797445
800,0.00294005270275443,0.281410066426663,0.202516748785999
489,0.0943980564565028,-0.223872414851495,0.189824563646543
790,0.0340798504599113,0.00959036920784439,0.158104952365662
940,0.0729737215085321,0.0831977782749424,0.207879573991471
910,0.0954291717227739,0.0371045977195905,0.185038918723706
600,0.0405119083600082,-0.398758752870429,0.186521361267035
969,0.155531898889037,-0.0691607935127874,0.135624893060919
860,0.0464968821786461,0.0819256649029848,0.181337902390114
840,0.0298968231578395,0.0216409515819866,0.203423850264189
960,0.00425038435533171,-0.271755304777675,0.168745818794198
870,0.0650908325063348,-0.0468109509074293,0.199391996265714
890,0.063541329762744,0.383257155413765,0.220461480335164
60,0.0942627110685233,-0.108463372635145,0.18273792743674
629,0.140258539989202,0.133474987710555,0.224331962592771
760,-0.0368150208171625,-0.0575331108236867,0.14463545013208
950,0.0599734471702389,-0.0820646547230258,0.175697219846096
920,0.067899458226667,0.0174215386549407,0.120247030898715
820,0.0727844402925051,0.0640493011077747,0.157033539571577
750,0.12658181036083,0.0092080334896637,0.196697411809075
509,0.00336941681824457,0.193821563944616,0.224245344212144
880,0.0324352847485024,-0.231779549314116,0.143925106312627
980,0.0497387843161615,-0.254853737309282,0.177275357996231
990,0.14383158445516,0.186403066957824,0.188829651762242
640,0.134587717739642,0.327154687019245,0.189478451767345
580,0.0939607307378687,0.215756460981911,0.179829928642615
620,0.0311462339896696,0.0334114677632743,0.216033975749424
570,0.124220731995568,0.385016982206692,0.265517436089401
450,0.0113617026785363,0.0777374169093574,0.1704342369175
470,0.0688117002588932,0.0372319964049639,0.181004807083982
460,0.0452411947553008,0.227397074600329,0.192222650887236
700,0.0489378250192833,-0.0555766290411306,0.155645328420491
650,0.111143874683744,-0.077946735337638,0.179099742782006
440,0.0243272676603469,-0.447299221563873,0.191182180506075
670,0.124439277230714,0.183833500075092,0.160854300338451
550,-0.0217710067186203,-0.366633760005049,0.156743155710314
680,0.152709729582928,0.146451565744962,0.175940893068002
520,0.039419641259463,0.0796645544563163,0.186846971524066
530,0.013709349396376,0.0316211634410341,0.183608913715544
420,0.115733555750145,0.141307773050873,0.156712511358944
690,0.0965484444412859,-0.0507289272150899,0.166195745823624
430,0.136686973076425,-0.0716212296200177,0.177100611025196
660,0.143467612375674,0.140515211371717,0.196203179076934
710,0.0081626654353386,0.0997533715098818,0.181114647255372
540,0.00957508354653163,0.0523078617932702,0.197385080406006
560,0.0377547403971201,-0.440799542641536,0.151614040414618
610,0.0285782847838115,-0.0604632694095474,0.164209426941861
110,0.0956029723900337,0.106271534306302,0.163637534967307
410,0.0394188410548802,0.176512049024539,0.212945712323429
590,0.128162138480332,-0.256696592293597,0.138250663619081
970,-0.0166378434015698,-0.234510033456344,0.20753101998678
500,0.107305057151717,0.0861637014846923,0.195764016129182
490,0.054248903657631,-0.0983327396621733,0.199860912458785
630,0.071292901749393,0.181921898564953,0.170748145322439
510,0.0439786141468757,0.0138474392336997,0.181633416528696
