iter,x2,x3:B1,x3:B2,x3:B3,v
81,0.242281291679011,0.209258810997631,0.132626363263841,0.0550821832034003,0.105411917165875
1,0.240459923965732,0.216458912036769,0.147630043983326,0.0292474662833682,0.158992208030873
11,0.234941772070257,0.213343574397453,0.132776710079335,0.0567906208907395,0.194983708131969
71,0.234464550707133,0.184794971966642,0.145770496237228,0.0290941583441002,0.134184432346348
41,0.238816125314369,0.198990184707897,0.141709406095383,0.0602758146045299,0.155741133452709
31,0.237584251676854,0.201041688760768,0.145587384834201,0.0323471025729093,0.177211888744748
61,0.238511588043993,0.201354570921343,0.132965100148698,0.040201538331555,0.129210860719532
21,0.23452192142322,0.219884563344962,0.147227504020372,0.0442629481823291,0.178900201420789
51,0.240155909013822,0.178387708617065,0.158696944232073,0.0174412506856902,0.120575342176747
91,0.237292776251941,0.191161204271809,0.148837465908069,0.0467472311274226,0.184409252016296
82,0.241417000719952,0.212649162615016,0.156321361109408,0.057242327545204,0.165154571446601
121,0.238945724119399,0.198673197953837,0.132904679125841,0.0178782534414364,0.167079789914835
131,0.237331343848514,0.201314118822893,0.148495664663798,0.0416251911016364,0.0796172581210648
191,0.24016766204108,0.204080555097491,0.140336110035574,0.0268902724399505,0.138879987601374
101,0.237430730205183,0.207240626423691,0.137216937912041,0.0468207086761696,0.166739363004048
111,0.238847211818575,0.20126791551677,0.127326189036938,0.0532796978061326,0.0955201939102768
141,0.239748575030821,0.214124925948238,0.1270956444875,0.0772487028173287,0.14504524062072
171,0.234758003091369,0.184586207603672,0.136150882075185,0.0514992192305147,0.16200377562371
161,0.236517886435065,0.193890391709047,0.157333169457209,0.0608470101518853,0.1534627935417
181,0.240104473354682,0.216636629812159,0.137648845853478,0.0157650584887916,0.129342817907831
151,0.242181908877275,0.200514259854449,0.160784394817672,0.0437666535281213,0.157650078565451
72,0.2370980219017,0.193300374919116,0.14507137627979,0.0558906800836681,0.134618269181229
251,0.237424339802947,0.191412253460206,0.151010414386467,0.0514708599481204,0.165489180586422
241,0.237589184992733,0.206999951766116,0.134992703248382,0.0478276482345217,0.128173049639104
291,0.238207328084234,0.240552993991177,0.142702573383908,0.0485497958989063,0.162884581939718
221,0.240315717112579,0.208023878417891,0.146737251057493,0.0528049579738079,0.0937789049880167
211,0.235738578119653,0.207160797066194,0.140986391680567,0.049752392530769,0.136692041732964
201,0.236725483663035,0.2028007090987,0.112142161376131,0.0597375423642018,0.176530660246371
281,0.236411419636131,0.213891528967632,0.118844716499638,0.0327550507532845,0.137301224456748
261,0.239102865759645,0.20476012888404,0.147607866541416,0.037383031693592,0.123866750069902
271,0.241724713375817,0.217431567645093,0.143768489268183,0.0453661848113658,0.143245943670214
12,0.242196358753427,0.203524264836751,0.159113188480526,0.0694389089398158,0.17009604067298
2,0.240541344001091,0.195616156820058,0.138504614183451,0.0430233263233541,0.082832207117048
32,0.235150305736253,0.199062023114589,0.133693356155564,0.0427347474036839,0.145827654947974
231,0.234703131752852,0.197623744537416,0.12527890897688,0.0462763385820036,0.177222999961175
22,0.237132417834452,0.202444771129874,0.133295607783409,0.0534142654277569,0.157669757541864
62,0.239679964075292,0.170498594398612,0.143017346637234,0.0451238851259658,0.187478463907713
42,0.237586803999712,0.206916582325726,0.147088935619058,0.0716116987708894,0.176515685958947
92,0.235339828822745,0.209656599936049,0.147975634795618,0.0487447003826968,0.115794061805078
52,0.2381636804191,0.193882334265115,0.139424048642107,0.0442420728367252,0.170390169428898
301,0.235878814049814,0.202020129386209,0.144614781073535,0.0667701038726444,0.163729542270814
341,0.237593293800739,0.204888396274901,0.133389276387158,0.0435505428967804,0.142770002409453
361,0.241468087216814,0.189611326555171,0.150908681537302,0.0293193606313976,0.125140078933245
351,0.23694761821883,0.187250409646092,0.0695870754961251,0.0373310612396683,0.110906731654284
371,0.238834686343824,0.204743266803541,0.145355685295462,0.0574193381668026,0.135213482314022
83,0.236250873955813,0.207230427062808,0.151543809629045,0.053606021488527,0.086649371323305
311,0.236735936966484,0.198730628409853,0.149030260130812,0.0401206055692503,0.201986492859441
73,0.2396562479694,0.205566474524592,0.138547575339191,0.040991115447506,0.139361686316562
331,0.239414586226377,0.183921106196571,0.138026198888587,0.0305016989864816,0.0985247412544916
321,0.238260938730345,0.194878429078737,0.14475249199128,0.0307436087462852,0.137005680464728
122,0.238800428405216,0.201371432897016,0.139691352094089,0.036660803516663,0.168249977240115
142,0.239922788389716,0.226929261304824,0.140829082293918,0.0444320728106877,0.136682361619562
132,0.238006478453302,0.172343538117543,0.163015903513639,0.0624529169321899,0.169782505873507
192,0.239387489065407,0.210009045492097,0.135447979662713,0.0446896635591031,0.182967128921848
112,0.237885078310953,0.210507854563965,0.141728610108488,0.0654560084934085,0.148767717471917
182,0.238082309784205,0.202675299714365,0.135985014639746,0.0390931928755162,0.129511170596927
381,0.243207500197949,0.217764091684588,0.139719413577387,0.0327281959842873,0.16414880268756
172,0.237407230637725,0.217967167260653,0.123710233412559,0.0425491143752486,0.143336343391318
152,0.238455990244569,0.195045879659336,0.134681723579961,0.0439745442330705,0.136839212808812
102,0.247778405475402,0.225245799503011,0.182433614944723,0.0827611203175754,0.141650819149827
162,0.243401877683929,0.198097330068395,0.148752844045959,0.0806127424065903,0.176302434296
242,0.235313475509241,0.220962715708634,0.132818299348348,0.0426751504320531,0.0818075246913754
252,0.234883937115409,0.206549773629704,0.135936362739155,0.0568709498831057,0.147489341729566
93,0.235029090006571,0.214751167727039,0.136924972498416,0.0538780657398823,0.196656966863953
302,0.23634748938569,0.182068257227735,0.146324341427808,0.0386672636047466,0.194971533989736
441,0.237006462070797,0.207406342024998,0.150002438240153,0.0355023876502709,0.093482120709067
451,0.241483779316058,0.181660221336879,0.160435132203512,0.0448542144785858,0.135222256460511
431,0.236520447913041,0.189258400159064,0.105787040330982,0.0456006748096839,0.184850259662448
461,0.234310451292623,0.216377223027029,0.162195795534417,0.0360146412626031,0.158952459390909
391,0.233462531041149,0.203651268353377,0.128138566359589,0.0693259395298497,0.190901641631833
471,0.236324338127643,0.201656145720167,0.147543648447496,0.0483733690157645,0.120205548355369
421,0.240251987197988,0.217463746545255,0.138159378632004,0.0413154429240722,0.158412441036241
411,0.238429292140788,0.202518662285512,0.148676426956139,0.0387839606472686,0.0902393583518631
222,0.23902195413432,0.197837770105316,0.14740583860967,0.0243461672954344,0.153942469892893
212,0.238592044620346,0.186657004906255,0.152628990731635,0.0552320721791513,0.171360242635257
401,0.244709841118274,0.224645049643379,0.1395079001214,0.0541725035628391,0.0971775038972486
202,0.238669133290846,0.208211224518293,0.126601469441707,0.0456891776347002,0.194487767326621
292,0.237186420717866,0.207950474924149,0.151468236183248,0.0478433128224044,0.150700350901187
262,0.235642044204028,0.203026389666013,0.137088553085768,0.0167767407063575,0.127724623914768
282,0.236473695102317,0.210171841394008,0.137410598154154,0.0277689164215472,0.153014730058216
272,0.237922346986937,0.194399374677274,0.138877578694846,0.0371800541872929,0.167268845024901
43,0.235661262471744,0.189032626058458,0.131391849632856,0.0183988453328873,0.196496351464385
63,0.233193951863633,0.204591832018023,0.127528572073779,0.0550577935091451,0.130845292210242
232,0.233921971031971,0.204844240834877,0.150478626123636,0.072451528179302,0.113862496720861
342,0.239622780238819,0.2118397220283,0.131962677259265,0.0209366126762848,0.109300346739657
33,0.236399780618768,0.205621345052333,0.15308827491414,0.0516069574869583,0.13698388293229
23,0.238053833289456,0.20232843117253,0.149387812783211,0.0461990589543684,0.185762255469961
53,0.241058248808966,0.199692554278414,0.128830973603531,0.0476685495241037,0.193911612141129
362,0.238519404932087,0.214661032150794,0.136121630094447,0.0607171759441861,0.137798819357106
3,0.235273545856048,0.201511013626829,0.117514606584726,0.0477064795404403,0.0994322774137147
13,0.230659491693494,0.175905243247589,0.118637743300501,0.0469080533909657,0.133290299831598
352,0.239663447059363,0.197731616113565,0.143858772968546,0.0559085973559725,0.0956074811801197
84,0.241955303275325,0.17158535088389,0.141026474642743,0.0636892295494309,0.145158159827656
372,0.235127164296579,0.214614860171201,0.140124845996281,0.0375436185056966,0.182859572407302
74,0.23999144173071,0.182852741221626,0.16020760900656,0.0468807798730511,0.109871925774412
511,0.23965886789802,0.202220348005025,0.148754803752366,0.0705009873076965,0.0761009005103942
501,0.241132528028,0.207179551147478,0.117134600068991,0.0455532611660711,0.0951983854284871
521,0.239939116723745,0.208895929176796,0.15833887932102,0.0497962695392189,0.140835061028056
312,0.235721431776633,0.218767195828013,0.107030512176127,0.0311436794727554,0.20980984073055
322,0.241423075361601,0.188256816487027,0.149879383612076,0.0165731894367159,0.14367328395143
481,0.237891410354888,0.229877814390645,0.136168628688901,0.0350033859341179,0.138632973175576
332,0.236831555533707,0.175159065448174,0.134345334285618,0.0528230215345101,0.153617770017923
382,0.235087262956247,0.198623485058855,0.142740313095332,0.0445792459481072,0.159246694343201
491,0.23771578252469,0.182626927702809,0.12428618758027,0.0484375424352805,0.16665962676469
123,0.23705275452047,0.202555645861662,0.134685703498281,0.0354073528060548,0.142414682549905
94,0.232825286786891,0.193165432956081,0.114341900342758,0.0466555036823027,0.164261013387901
303,0.238663182180016,0.186817004517865,0.140233512002903,0.0441984375781849,0.125249870829895
133,0.240639917995615,0.189025465805875,0.152843577627637,0.0588497367397693,0.157578693123455
173,0.235825021845154,0.214867777122051,0.140158848781089,0.0462055820752204,0.181017165972095
343,0.238355508460588,0.201069334100408,0.147945920787442,0.0395956939197897,0.174980461831612
193,0.234027735932792,0.19473588677427,0.14310697422502,0.0290299804994549,0.199579422299564
153,0.236899339330945,0.195340862556259,0.157104094668088,0.0411752928878095,0.170943537659099
103,0.23546112160619,0.163414009748857,0.141636363774303,0.0616468414900726,0.16833979127076
243,0.238748143040749,0.16985735365643,0.159500719083464,0.0676664886973654,0.120217563102233
143,0.237746740445506,0.193723851718801,0.147040533044606,0.0407055199040605,0.115781242187359
363,0.240336182333819,0.207600039912476,0.135524458864489,0.0363939450763383,0.0923336957840865
113,0.24045328899682,0.170035761856737,0.149427862019083,0.0344376672650399,0.163244384079999
183,0.235584408930331,0.182790463582068,0.125826065552579,0.0468163800659461,0.0787874117042865
591,0.237819380942264,0.204268359667144,0.140162617193636,0.036334985739812,0.100114064267748
253,0.237722312261762,0.208823431947097,0.130145618956137,0.0178541140287348,0.110330598649564
163,0.238392085783664,0.194136468543089,0.146628764187329,0.0550939544746304,0.166196109028179
601,0.236755297150947,0.186344637056456,0.137801897265247,0.0734953470953352,0.132682106216729
551,0.234520626131272,0.194604379324599,0.137112315560731,0.0335678075060616,0.159814830776355
561,0.239306413921185,0.158480313909307,0.129513898110682,0.0211308799935594,0.203687354393386
571,0.238701425224121,0.186706920646246,0.104364263512443,0.0688932992287683,0.146217566867571
432,0.239613032715019,0.210301898321635,0.145906489949675,0.0591489282988638,0.110893508378727
452,0.235268585179008,0.20079202852613,0.166322179279478,0.0391488214547876,0.141702693866716
422,0.237197876992912,0.226503782948316,0.142625041080613,0.0542054609665294,0.124544830774925
442,0.240764149680676,0.179927410310679,0.154896875319631,0.0514124627949832,0.132611639320161
541,0.239663332318611,0.195210112167936,0.1308492547881,0.0406759639554544,0.161957026650633
611,0.236552486753672,0.206372106244921,0.147658758166317,0.0703883915154974,0.111972833422312
392,0.235033039882646,0.200047334866807,0.10518794582986,0.0349072788776752,0.132730447099043
472,0.239310722930004,0.193297988301528,0.137120378470355,0.0336205422915275,0.124985649886529
462,0.238908227118491,0.208252694371394,0.174774480345347,0.0433888532951817,0.143533124989517
581,0.23772132246483,0.203294442569093,0.142688834562703,0.056115101719803,0.177445060069532
402,0.238341062440636,0.2180719436871,0.157042774258054,0.031037363907965,0.110124950439197
412,0.235362105133464,0.200108805194296,0.129075118080296,0.0513729361773659,0.123909022399722
203,0.236646374955223,0.204980106267861,0.124928620155185,0.0297213676712936,0.190638755382803
353,0.239888193436517,0.209530308027598,0.156278620299448,0.0594417852138162,0.076913049617475
223,0.238482924778665,0.204884418212003,0.146585008444969,0.0597294116141852,0.123165194095791
213,0.236287898134022,0.223648219519868,0.139513793442867,0.0502605873719696,0.128383081201856
64,0.236229157654959,0.197321251192843,0.138463923307418,0.0319581071095535,0.0973702564035467
44,0.23982556456352,0.21638857766802,0.129006940303096,0.0427454161133287,0.105118033926011
283,0.237306404627948,0.194201456403044,0.153329176113997,0.0169643520861538,0.0967773401581219
273,0.240552942662093,0.206534348391895,0.160268503142828,0.0622776100717415,0.135861958475203
263,0.235936354294666,0.204895154999508,0.157857452983552,0.032918254880936,0.182652950533886
293,0.240445830551041,0.199105786900329,0.143776620934399,0.0383996164860949,0.0840229218173867
34,0.237737670415891,0.214807120334942,0.128166036199566,0.0528267177227294,0.154119553870496
24,0.237212004792181,0.191381653869762,0.137957508064551,0.034641372571376,0.149716121459126
54,0.238695039732838,0.215928404687571,0.135368181808167,0.0273153220523675,0.0999370377827437
373,0.237392064442284,0.222583899737831,0.117670394598092,0.0437752910119379,0.144541173488322
233,0.236509642011647,0.185097163905468,0.135548911176823,0.0647716426767451,0.124042040174053
85,0.234184069731365,0.206773163336782,0.121458784970087,0.0740148203400306,0.171888940367426
531,0.237276166817886,0.208173283702538,0.138713862553342,0.0116196890783252,0.0851420326162543
691,0.241458140528896,0.203759077713069,0.146213796009286,0.0678561498904209,0.173386994750645
671,0.238609291030594,0.203509057925539,0.147304928426905,0.060786497960242,0.0781453510391725
711,0.241000745999886,0.221354765062551,0.136568858348888,0.0461808596373953,0.182696219672632
661,0.238370391067537,0.198638899456031,0.142596582313429,0.0618037299015047,0.126929404343088
681,0.240942985689208,0.191488193005226,0.127591403809794,0.0500669868204736,0.129123103626612
701,0.241031455608866,0.2061946548317,0.143666940428538,0.0663997545740032,0.123239208508442
651,0.240073740035622,0.175277453565066,0.143070762005717,0.03455991144871,0.126979242202049
641,0.240754629989779,0.21039198155601,0.134738426247217,0.0543366892492692,0.153346154463072
75,0.240259899689469,0.201620720582205,0.155193928262301,0.0518410261922954,0.134329104288608
721,0.24377859387922,0.224001824069599,0.133921507643019,0.0528550298643492,0.104533993632939
631,0.239643309282895,0.185154389083018,0.152791321027713,0.0458811910179279,0.14336728675014
4,0.234280929484721,0.171403206812503,0.139870908243966,0.0366029284708613,0.106364836369877
14,0.232903392483484,0.205880921607307,0.0750533077738124,0.0575381076257455,0.0640002335260053
621,0.235937367218879,0.194900750272538,0.12411808610824,0.0493574236454802,0.146422773175138
821,0.235915395867061,0.2027295800592,0.132565114054167,0.0401727714326199,0.164931388916507
383,0.240922193979505,0.202403232831427,0.127557969524901,0.0525058488567074,0.146279877534666
791,0.236620051407393,0.206462956194917,0.129055364994905,0.0593859695712129,0.145276686739864
522,0.2381367339318,0.219724417281827,0.163214431424761,0.036458630902292,0.160989001998428
313,0.239127158043177,0.191855914074929,0.148906978624707,0.0475617662003325,0.174415507089453
512,0.241948778741338,0.207103768167254,0.0787970722482999,0.0651566012979881,0.192285566060539
333,0.237898135601142,0.203981046609447,0.12896297217698,0.041149028706132,0.128788570705713
304,0.237662087320786,0.208428157698678,0.154663150144546,0.0731713069966011,0.088496065275825
502,0.238361931386444,0.208465925348095,0.142869562248293,0.0435999703102118,0.139454420249699
364,0.237917751227721,0.209180260783356,0.135741510483862,0.057296107391572,0.157345071316544
781,0.239740632840037,0.212714228670924,0.140017496100446,0.0528936150871134,0.203287910618599
323,0.235636422660838,0.197539306321877,0.147707403069076,0.0389379872677739,0.178229294733794
592,0.239793745411138,0.189422153099663,0.13005118728939,0.0506445893889863,0.158887800416423
344,0.240296618912847,0.218156675746454,0.147184593158208,0.0581402447253731,0.147993748347609
95,0.237880575244267,0.205112672925463,0.139202801095611,0.054133550346013,0.146216110884551
811,0.237186312082021,0.197883585193736,0.13916411133751,0.0456623846056941,0.16262127770883
602,0.239704220057762,0.195172664162799,0.139582882754545,0.0516746677058463,0.16453839845844
552,0.237563734007811,0.198309894753576,0.147629301824905,0.042747178554524,0.142545304081811
482,0.241212407201135,0.186927240374259,0.147396733082413,0.0676566932045385,0.144672944951172
801,0.239520715484093,0.184535692199791,0.139061920145237,0.0376900619744552,0.135687292923082
562,0.233563274911043,0.196841491894678,0.132968070725961,0.0313787150471906,0.124994410814324
492,0.235830942409948,0.214605898321061,0.154217656282382,0.0657195531142745,0.11625962356998
572,0.239192457289107,0.193101687917114,0.114333009708266,0.0500678630259435,0.12629606368163
254,0.240366126673991,0.207043421976016,0.169156354843877,0.0463011052590367,0.149603248895523
244,0.235105326155951,0.212754585701677,0.130830729202084,0.0481506153756289,0.131493902169935
582,0.23546757746769,0.202726878105636,0.13636570309687,0.0440680545727463,0.161750308989568
612,0.238566389555754,0.209480997875834,0.143452141837621,0.0434681785873373,0.125967377308277
921,0.233586821227045,0.20126828516429,0.120514038287988,0.0281197203675087,0.157783676673229
354,0.240140094197748,0.239541506550994,0.144258917956013,0.0295540359744747,0.170888897976931
124,0.236604450529325,0.183944430960142,0.154447578423391,0.0398180534030077,0.147051955613104
542,0.242197162892874,0.230705972280599,0.166277923404355,0.0377484726250128,0.102233599648772
134,0.240902071189642,0.201967363282172,0.154209706977319,0.0365513399992031,0.142941681441192
741,0.241941348113099,0.201380610567767,0.160136215557112,0.0559398730656405,0.117413606893678
154,0.236407810707441,0.233405815605444,0.106222706732174,0.0325498660061931,0.116323912731218
761,0.23681635831962,0.193245460660452,0.133454542729277,0.0178676235496257,0.130401161116164
104,0.238307612178954,0.188021776346238,0.139432795244647,0.0406874297514966,0.176677336692113
891,0.231797685179902,0.177283698695279,0.125734385209139,0.0532846209103814,0.106692537318742
374,0.239435006013752,0.219884188519148,0.13122400548301,0.0478407329401146,0.149650986274034
144,0.238166329672602,0.20849232033287,0.146071456840965,0.0253259192976271,0.165130320360193
184,0.237574496101928,0.193928085312234,0.142991079738352,0.0421600906947437,0.153332498941006
751,0.234378374983385,0.170481468693743,0.123074170531741,0.0352175469588938,0.157570101724296
174,0.239141268028306,0.183974930005856,0.146933667809964,0.0535001255541342,0.131391293748429
851,0.237184775157769,0.180401199707772,0.147948996880579,0.0525583591610071,0.121255656884607
771,0.236663941454983,0.209116700453987,0.148490802191977,0.0369227223539029,0.12237261455561
114,0.234424480701333,0.205589285101848,0.138913584707661,0.039997386022693,0.15111929282462
194,0.240812771242158,0.201601988209828,0.115920513445383,0.0344323894536368,0.155789470167313
881,0.238125375229638,0.217093766584364,0.142247083737628,0.0432978710184461,0.142390907716584
911,0.241194145061413,0.180602731084873,0.159421550429016,0.0601195956794006,0.1667972717799
901,0.238280054644132,0.187811415816652,0.126557156270195,0.0440732005393808,0.147000718037524
871,0.237962623867991,0.198806952595223,0.154895538728829,0.0453114977562835,0.0986563338168103
861,0.243500674869881,0.195327099620468,0.11056200053428,0.035049876676953,0.16183277789142
164,0.239109223165033,0.198100580860128,0.15048116333408,0.0464255890410747,0.126030667669475
731,0.240618224510612,0.215735601560915,0.150309368027758,0.0723512444266165,0.086782833912762
65,0.236446080053317,0.204681677635928,0.154980926038342,0.00807045795138061,0.14441859694846
433,0.237018700913656,0.207149128222389,0.133860674671556,0.0428951172886821,0.162654780145519
86,0.241620909482318,0.181287562078813,0.156621735597278,0.0501294253086815,0.109228407859688
453,0.23925796746256,0.202016142835311,0.156515781724186,0.0361168733418026,0.161851578114459
423,0.236701909213111,0.218221929108753,0.138225390551873,0.0310964816879562,0.188279822107206
473,0.239850665238269,0.225398942839552,0.144674634026802,0.0330972821372743,0.131390047128336
662,0.236145044880975,0.202244089328545,0.128065109531834,0.0460438874858177,0.132610995215032
204,0.235509405329218,0.212724977024538,0.15011043907374,0.0540558415406577,0.166599344897093
672,0.235319416743457,0.206656186803894,0.143673079713168,0.0271403900297114,0.0730042781294822
443,0.239836900535439,0.192826053837645,0.158156364639047,0.0360773813418477,0.159102023300213
712,0.239636928648482,0.212496689860008,0.145180856548982,0.0199378556507483,0.144192518249964
393,0.23723044938888,0.213423568419077,0.147169306975441,0.0424009721499655,0.162858449268216
692,0.237659491880701,0.177674701146552,0.118775330252221,0.0745078556785067,0.0683419912076951
403,0.234141987533949,0.191441405915032,0.128251228552366,0.0617754387915581,0.137221687119293
652,0.238134761925036,0.211103420824631,0.148644615174553,0.034648765195539,0.140617054782721
831,0.235780748741551,0.21945929443971,0.138491971357089,0.0536809235155137,0.19123256788482
682,0.237777061299891,0.213526967355654,0.0946655092744591,0.0304980392340363,0.14076453475432
45,0.235208661569377,0.194986727818699,0.132716974117756,0.0544001096621734,0.124068819624807
224,0.237674509176244,0.203929484433136,0.137224273619041,0.0553386478418499,0.149922436790177
413,0.232900512187907,0.212457556422335,0.137383948958332,0.0397340068379945,0.15363393492961
841,0.23267759805547,0.217549999785987,0.132610057848103,0.060750374199122,0.161297378666868
702,0.239535638823367,0.200329599901779,0.163278115281813,0.0505896187628105,0.147934680113169
463,0.235687793859225,0.184580111909118,0.151037912770557,0.0317734886103464,0.11017071922404
642,0.239459438176878,0.199756644725807,0.140379982828554,0.0419737680537737,0.0988514254612451
35,0.239303605546153,0.209453913496985,0.14380695271556,0.0376597850233432,0.163321647192734
76,0.234979491691528,0.207770493652389,0.145165069587116,0.0276209858800603,0.163121018488257
25,0.24021937147393,0.182157409812877,0.161412151147496,0.0576835681468516,0.0761151865110564
214,0.241196388761625,0.207821506611694,0.138447210347631,0.0757799475276489,0.146014593551153
55,0.243957833642315,0.201449597781708,0.155102555707879,0.0567463507654616,0.175789115894816
931,0.238096043969738,0.210126886501262,0.153014588670848,0.0415858656788542,0.192344609869602
274,0.241043189753497,0.221188870693847,0.138926147567706,0.0310396761092719,0.125781957233896
264,0.236388665097212,0.228761656144205,0.13912971790652,0.0520939119326853,0.153840437428102
284,0.236916267008023,0.200059662366896,0.150201388648612,0.0727968659887839,0.15693177884587
294,0.232739261480065,0.192972465835399,0.120550870067181,0.0064540343579843,0.12134769499415
722,0.237217696266263,0.198390453099748,0.149898493899729,0.0707396578021131,0.140695747377442
981,0.239218337459948,0.193635138313553,0.120781466930834,0.0610679150886651,0.15030145719565
951,0.240343692096059,0.205482014267466,0.161429315458262,0.0490707978298565,0.113941018790517
961,0.231711071396282,0.219529306080994,0.131494879045293,0.0411087077943237,0.147504603947536
991,0.237242349420442,0.177753779038708,0.162080258528502,0.0412113796297247,0.128193810542633
941,0.234859135243936,0.189797026961168,0.133160148982268,0.0681903534754638,0.11404341261382
234,0.237049798616369,0.217112873300006,0.151073649884748,0.0083172624800651,0.176673707974308
971,0.240381042181826,0.207308126195262,0.164341261697576,0.0724836187849722,0.127760953686984
822,0.239528084793111,0.217619477954944,0.141308554748301,0.0462788510903465,0.138536576952925
632,0.231570692148672,0.207343025656969,0.145560397831377,0.0478157929287689,0.136082994501304
532,0.23669172242652,0.188149907180306,0.147994214026508,0.0418592694953268,0.137826891524594
384,0.237264305660165,0.218005919309958,0.117482250351394,0.0306626355313592,0.144429563958941
365,0.236351158451469,0.208916444360599,0.143862023949822,0.0535234442616818,0.143856201153102
792,0.238314497025831,0.20577453230302,0.150202284807029,0.0576420233964839,0.161491473856223
305,0.238691816411859,0.161128266915638,0.1347429779141,0.0437601503577051,0.153278647613328
5,0.23687083340666,0.199350609726475,0.159291660752098,0.0417759974502437,0.130065017648216
593,0.238486097507201,0.196047031721557,0.160878337215173,0.0484994164006919,0.173470548673234
345,0.240302098171731,0.202535746547737,0.124376432021849,0.0440923761528726,0.147328380446905
314,0.239405770444889,0.205678692056463,0.154255759166644,0.0592329619072514,0.160151370331086
15,0.238825132783571,0.203624446926991,0.136981309655078,0.0448726488889376,0.143135872132983
622,0.234708462580146,0.211229275615952,0.14712647747381,0.0477593545982933,0.118405570706905
334,0.239007813562491,0.204932949076924,0.138953394123447,0.0360358251337892,0.156826119649057
553,0.23794815420097,0.187130035750528,0.116715790553441,0.0333373847748507,0.100171556955775
563,0.243183193376425,0.215972426205409,0.149666418490111,0.0679954005716759,0.125491825907809
96,0.238185134594026,0.196606317232029,0.157287395537138,0.0478769937675112,0.0732999186305144
324,0.234568317641786,0.20541013980985,0.134358999922787,0.0470811716662166,0.144595950717853
782,0.233016647333739,0.206778154671797,0.124564641489292,0.02675659506314,0.194124249655931
603,0.240327349585512,0.195786901925654,0.148353201298643,0.0613405781369295,0.119870793060592
573,0.236204729256511,0.190128525927339,0.130238187215515,0.0463777925526342,0.0875879324268542
523,0.238396146610539,0.203120338818649,0.142065714050918,0.0486496369850892,0.15352966319559
583,0.236982736017749,0.202111027450983,0.144806509321564,0.0433649413131651,0.157038054118018
355,0.238239806046652,0.194107154213561,0.134409696511972,0.031786634833728,0.131688980281714
513,0.236655395197987,0.188754812505433,0.132306619842976,0.0555520233138838,0.183900717731436
503,0.240117398627105,0.192610015769216,0.0991427373097359,0.0490083913863378,0.119719698257274
613,0.239607255270141,0.206693703115209,0.135985246430521,0.0567493854734713,0.159822174117745
922,0.238537273461025,0.184206631428446,0.145272607089587,0.00229081940364626,0.183363338706962
812,0.239644732162186,0.207984869450221,0.155081529376696,0.0725583410107068,0.0950739858435202
255,0.237582519965492,0.21702804256586,0.146747605420229,0.0443560834606814,0.200185326086636
245,0.240587092893894,0.184318132433887,0.12946164674609,0.0286265773994338,0.17306412925862
375,0.242398260681207,0.23051822188069,0.161852416205365,0.0438159045036932,0.127168196051629
802,0.236678847999861,0.210022656441104,0.145821304722107,0.0775038954772774,0.132287798332792
543,0.239385324617344,0.214077399060332,0.138153741514111,0.0335216935326728,0.145476559553643
483,0.242479026942715,0.203795946713044,0.133353108459069,0.029399206055392,0.150129493800412
125,0.235350945990036,0.206018858757753,0.142426794430936,0.060400713789869,0.082321246212326
493,0.23518786087194,0.190468570849953,0.114556579179058,0.0395626117739746,0.154914810499331
87,0.237321588850833,0.214293792642111,0.142224619122188,0.0407014320742496,0.177836352624782
912,0.234596042466657,0.205534638876671,0.150086590752579,0.0472934442920378,0.16443784375347
892,0.233982658455575,0.206738250243722,0.131892958014507,0.0518640402477086,0.152860263532395
882,0.239006003919624,0.191262837109831,0.134863546263352,0.045693498742177,0.140348576282413
902,0.239536353016837,0.215483422251421,0.144884920322246,0.0441682290205675,0.186926931467475
862,0.237883403458978,0.215584602447057,0.134863858858298,0.0573658718873415,0.129005898034682
852,0.238863062145515,0.218069379671768,0.125881867409298,0.0264876049414619,0.159322566902124
872,0.23582272081741,0.199093344646032,0.14779383223461,0.0494085403835912,0.158087413773667
135,0.237003419874986,0.207290256879332,0.144413586179111,0.0400586564885862,0.136379052105507
713,0.236509362487931,0.193165175845048,0.146350501153435,0.049303177934605,0.184367464677156
663,0.240365007496305,0.202203003494741,0.143341285855049,0.0646189332009825,0.120121184712846
693,0.237107641329675,0.213630415598645,0.148645212107899,0.0446551351485916,0.145677594519069
653,0.23921913004399,0.20451618607141,0.143781961952825,0.0531652099333717,0.0881955143477505
683,0.237578393602489,0.188780453124823,0.140694205257571,0.025855447240966,0.133005344333763
673,0.239766252402916,0.205105978900771,0.144803461864505,0.0520796731232948,0.143516986970484
77,0.237275366096297,0.21304302259486,0.157548828745028,0.0361150612686283,0.118753580924163
155,0.234573271459141,0.197963102003589,0.137034444404572,0.0446451864457697,0.163540982448652
66,0.241509450450938,0.205121254770065,0.119251262102258,0.0527824961252093,0.0882122850018937
643,0.234906835673133,0.207022389172113,0.138937852445163,0.0711108778746346,0.129969317107915
982,0.237572616061125,0.213514285354173,0.155768495433779,0.0497707012569892,0.149058575919819
703,0.237700782463766,0.20073609904449,0.151687553719357,0.0468017386105339,0.150897611896423
105,0.242182558975591,0.226461622142337,0.180013967345889,0.0528009968709753,0.194039691246185
992,0.239507694049286,0.205796144098956,0.139695164456307,0.0589513286725203,0.117511644651972
175,0.238198607070365,0.196417036419333,0.149775382256931,0.0569066874326363,0.113951115773319
185,0.240617116331113,0.209257720259941,0.157327730740375,0.0570718865841711,0.135704330776285
932,0.232920673319122,0.187307834319359,0.161056998208549,0.0467208735729649,0.150723513257264
972,0.233703951677499,0.227361233056317,0.163940398703392,0.0199907869092582,0.131834538514763
115,0.235171930461911,0.211512675995828,0.150718167601373,0.0625947590940488,0.190936731471399
145,0.237431529915194,0.180551767312293,0.134259858276417,0.0343027207427192,0.105459360598793
723,0.234643103455117,0.199724759951326,0.121895682946545,0.0425870185761026,0.115512503426174
195,0.23774142285324,0.202530395881607,0.138104814090856,0.0145062434491193,0.166455645481285
952,0.239999861877217,0.180357164300359,0.123677610915496,0.0671884550797428,0.217648169089735
942,0.240164681392766,0.22493060288402,0.164944323045824,0.0736015393304894,0.1569572077188
962,0.23735683643656,0.207022311829576,0.128326997095888,0.0465747264064225,0.167638353060923
823,0.237681967414177,0.205322403882973,0.149993454325021,0.043740522796136,0.144129950040855
46,0.236069760586659,0.207677805312738,0.14842564047896,0.0340496431976382,0.152026708887417
165,0.24160440292408,0.193918181954843,0.152282776365153,0.0485949640444085,0.190791376671089
454,0.244562001865491,0.193291822680897,0.145250079709064,0.0381522948873937,0.101629233815281
434,0.237491242615266,0.194424862146942,0.122450038148909,0.0663680248020511,0.144647024717265
26,0.237590634334112,0.193138508589425,0.0892281981664993,0.049157650616292,0.137821160532305
424,0.237310308845881,0.20481398829513,0.159499312514692,0.0545751468375869,0.158712397927797
205,0.238943545353172,0.205056780831978,0.121631404085876,0.0135815577049273,0.142620805736883
36,0.236831264354347,0.212418929595123,0.137275927324955,0.0343649357549363,0.163082240517992
366,0.237208857798186,0.212279861578438,0.141658886652584,0.024594525820635,0.161114234536138
474,0.236485499543488,0.202590997139934,0.140912479052266,0.0490790483058622,0.144022955162382
56,0.237793384591491,0.138311781969254,0.136454713403708,0.0310898974681035,0.125678061799083
394,0.237846153483239,0.174828437195875,0.151611014320057,0.0546460137836975,0.148485057381871
444,0.232770063548163,0.208431481714809,0.141794945446595,0.0521611595257124,0.152986821695334
404,0.237397841333326,0.172180265975563,0.157021443681199,0.0506604595850603,0.19593865552483
225,0.239531066370268,0.187549334083004,0.147486157563603,0.0407561380199962,0.169620612292327
414,0.236134047161652,0.206648288249839,0.123578268323735,0.0374838682267329,0.21212091614725
215,0.237730819411966,0.211573394528848,0.151991955627328,0.0253034280525891,0.148256777728149
464,0.236010198007892,0.216780492020214,0.124815341746674,0.0450401380897419,0.125711126534165
742,0.240769575740348,0.19560137919913,0.153116052269539,0.0415065223369751,0.138065657140521
793,0.239577639256038,0.217701443658648,0.155950308884038,0.0505058353520596,0.201779480652896
275,0.237294244900833,0.194594962386725,0.125261931904987,0.0439986197041243,0.185762707583957
752,0.23971189013022,0.19188770624977,0.158658676952213,0.0479714582993747,0.179911471299819
762,0.238049335116104,0.209234787379674,0.14453358665789,0.0396234508737686,0.184426430222628
633,0.236767390291958,0.201690845210684,0.133367873348972,0.0538138548384271,0.108072721257472
265,0.235074027370959,0.209962671108202,0.145206546423741,0.0469525212315824,0.139277816612618
306,0.23591293496667,0.216659695699894,0.141375841776545,0.0550059243454585,0.157087433314312
285,0.236743657064049,0.201168651022245,0.131019701694131,0.0307733665126969,0.105091288611562
295,0.242329609792684,0.212972018367459,0.155832178025626,0.00879152730150605,0.151119199476599
385,0.234691746538097,0.202577621833674,0.149351089614593,0.025704304216398,0.134163341300675
772,0.240134978122468,0.212025863666988,0.118705213702309,0.0464039561957088,0.152487642957901
832,0.235754006068775,0.198974735597882,0.154684562939478,0.0498961987129336,0.13505283675959
842,0.237219569372699,0.206094940047953,0.142432439727027,0.0551824106470644,0.15429272529872
235,0.236314696534599,0.204858965695544,0.129360050155898,0.0369271396551827,0.209408798065428
594,0.236009347929548,0.219708825397413,0.133939356253836,0.0477488725232112,0.101134870494142
554,0.238536520927759,0.188294442707625,0.1347090313863,0.032174823857794,0.161894323816707
732,0.234594356392725,0.183119121846848,0.14734538163209,0.0453082075813335,0.141735147272478
564,0.234546743860273,0.192996564721422,0.119474186819701,0.0514014815261172,0.177399133966949
346,0.237856445875044,0.18711937740985,0.14270409822195,0.0528071724302327,0.114605243489305
533,0.242809824465717,0.212967599972056,0.119229983208888,0.0578577452743116,0.130674505157302
574,0.235099723105587,0.208290418304123,0.128813005130953,0.0473645155870141,0.0627232135765332
604,0.242179997661508,0.217638466779982,0.16336004205896,0.0605762779917081,0.194688239935928
97,0.239822823749149,0.221810445970665,0.137582438611068,0.0533912553777453,0.120432182373953
356,0.2420646198169,0.20840560615856,0.130060064079279,0.0420764703976369,0.147138603899331
584,0.236677632631131,0.217035271090273,0.127911430579518,0.031708511471956,0.164048333679789
315,0.236297631792655,0.199117518264173,0.149719445986589,0.0178740550178905,0.175366923750269
614,0.238059870128063,0.217268692687113,0.133623326916511,0.0398818588351718,0.142463370543733
335,0.237456194557646,0.197843949397337,0.130928604500125,0.0597889829783926,0.136311573163149
783,0.238057714890871,0.230759935353961,0.154285471418851,0.0502535826049766,0.12766103751532
325,0.238401843401834,0.179079547891661,0.136739906736981,0.0388814831207281,0.128141525848519
923,0.237233140026644,0.204247494942361,0.145870289590099,0.0546055636126724,0.137836332497862
6,0.238234157019199,0.180568151997867,0.166926667225355,0.034215680198441,0.199058006183232
376,0.23883206834622,0.184070502800906,0.148755053720074,0.0371389547724156,0.0625231797463971
524,0.235776374509736,0.202796840257132,0.12966010020655,0.0261620168413781,0.166439401797653
16,0.237880231015631,0.190897077799991,0.155624776655836,0.0482049377523964,0.143281647383363
813,0.239594973068477,0.225240404612224,0.148295338764204,0.0722992427435563,0.135404441333273
256,0.245400638641748,0.21543254145185,0.137887333779634,0.0524025109042953,0.103059554092615
544,0.238964635472252,0.214895669927239,0.145435451369664,0.0600355486950918,0.189345696778995
623,0.235855282862605,0.201359757022398,0.141484220034682,0.0491495764880272,0.195395364764801
246,0.238675063562371,0.225232155974369,0.145075229596072,0.0398528448257609,0.170822810966129
504,0.237760072999658,0.208212464669612,0.126739564175492,0.0557260774699176,0.114361925171913
88,0.234551542895802,0.212647253387388,0.127434233175339,0.0432582545323912,0.115953575238565
514,0.234751320095817,0.186289509426767,0.142213942684529,0.0456061941089765,0.120902451994224
983,0.230707974303852,0.215959284523684,0.157254408737345,0.033479966906843,0.170191758556598
883,0.241216220395875,0.218193289500389,0.123319085104225,0.0540534527740182,0.138114611204539
903,0.238597797154999,0.205510526786214,0.103227054837684,0.0491590489053979,0.135729443947778
803,0.2385029375052,0.198414004772421,0.159184970267958,0.0478358220815646,0.190733479792199
993,0.235581019446629,0.193521913980115,0.125631875569106,0.0433992936628293,0.191803842222348
78,0.235026498683971,0.20036789702992,0.113498179526414,0.031043411342355,0.135184667784017
714,0.24110106268071,0.210570633076916,0.143339535443004,0.0360530870048555,0.134327563859195
694,0.237264415565867,0.214844879342458,0.166265108372383,0.0481562596147786,0.13378008629707
367,0.239713494966544,0.212238532238884,0.158180556776467,0.0680771308270399,0.16869781361175
913,0.240932933487053,0.212028635929679,0.145935988264413,0.0486233810319237,0.137037418873443
853,0.243417952949173,0.209354943193,0.116217050551932,0.0184566872935376,0.140320613336625
863,0.239241738940831,0.214258689958485,0.118870070581884,0.0683138488305874,0.1764485919953
824,0.235042685104198,0.22039812682409,0.133568173116909,0.0560960029222541,0.193323454009935
873,0.235270326658798,0.209689547270359,0.139399789643076,0.0502990276074382,0.160264675313739
664,0.231204615649827,0.222070432294583,0.117948095169771,0.0228205679564146,0.124792182716057
654,0.237119293048732,0.183634878575404,0.137343768229615,0.0558403553451726,0.135036492948971
953,0.236435823285685,0.212765510289217,0.152190070000619,0.0513656833411705,0.190127129752879
684,0.238300553814224,0.192029832571994,0.151804001891196,0.0462871087115155,0.147364416668428
893,0.242194601557686,0.20833680773007,0.131026996068113,0.0510646794589809,0.118971163199375
724,0.234939830766629,0.212617604512422,0.126223160890323,0.0236574877152573,0.173703589284386
973,0.234867534787378,0.19646661077096,0.16002641102395,0.00901316318374478,0.0992546732015606
644,0.23759355341272,0.206828330107619,0.141490957053882,0.0317485694229527,0.136911027533417
674,0.239938775913979,0.190276099323126,0.138059621708233,0.0302315828101826,0.174973607046559
963,0.233815545830838,0.193350829284697,0.159722010251571,0.0746488349237012,0.146437604553496
943,0.238588851618767,0.193426986600629,0.159317081730575,0.0433277385700225,0.16122095874598
933,0.238533984385751,0.211602433302308,0.139047223219344,0.0382695723112072,0.106217821708981
704,0.236244214936167,0.199897776494802,0.140193389073267,0.048467290733537,0.137351268248525
126,0.239227926955944,0.187664268309152,0.161843042285285,0.0618665587557561,0.144773525980897
484,0.234189405126701,0.207539090645459,0.122751813164523,0.0279293722713972,0.0600099756817908
67,0.237477633908344,0.215136132785001,0.157352359058,0.0459953853993991,0.169839567948276
307,0.239539980970554,0.229158284378408,0.139775961323784,0.0769145389403835,0.108228901419366
136,0.235579619832375,0.188338579935423,0.128424907107096,0.0416376668069971,0.139227121048298
794,0.239599638350704,0.199324982426671,0.126531065578972,0.0553471112128369,0.110123595554633
106,0.235170918230955,0.22623118071722,0.160679203033414,0.0568117342703485,0.186851607482825
47,0.241946894711643,0.185426594342014,0.144563362080426,0.0349367118925772,0.147881570951656
186,0.236592137245776,0.204225149328461,0.108219607740834,0.0578076519119846,0.187913114274641
494,0.234773477808529,0.199552788865132,0.126268664236869,0.041635555663652,0.164505456832112
386,0.2366544550486,0.184110675843125,0.143005155864356,0.0647713282343372,0.19039631350462
156,0.237929907864186,0.224844751404749,0.15707675365582,0.0494901609317886,0.109148075577308
176,0.238290996511105,0.209434113829482,0.162526966001307,0.0296067581923966,0.118627268016701
116,0.236143780510907,0.225217380359637,0.117127230796691,0.0485617371802731,0.142704635841713
146,0.239452343679138,0.212180369029573,0.155157355190087,0.0390145934510576,0.117842194653468
196,0.235254806418756,0.184917960685116,0.143375531277592,0.0348237723894743,0.182847528107721
37,0.236027564974819,0.210238824460721,0.151029029423162,0.0475224751843733,0.0778157160341417
27,0.236273330552064,0.169444997554121,0.141198908324278,0.0281065866557015,0.192175616339395
57,0.237165307180117,0.207052985653984,0.158649649007492,0.0495073218435566,0.159331451721082
455,0.237919091239678,0.192049704360148,0.14284496531747,0.0568192768266318,0.115467400759041
166,0.237711524454781,0.195372840329825,0.156414711917491,0.0278722764729213,0.128954722406931
634,0.237001914023904,0.168605139589655,0.146764055568253,0.0388127712132999,0.159742404924677
435,0.236263415529592,0.204292849042049,0.14264396067093,0.0269930018124364,0.126443896492422
206,0.239852204176269,0.203981532696111,0.0765746781275245,0.0480508075343679,0.155519398886985
475,0.238856659883876,0.202597381753488,0.160307999635728,0.0438053346558058,0.14650487150169
395,0.237711819263896,0.192030574648623,0.130591048748921,0.0523163989687793,0.142679429225459
425,0.240176599153306,0.202375041086681,0.15147585913248,0.0458166318386727,0.171746725077449
216,0.238381408734947,0.214130060385952,0.138810134508413,0.0130104119651273,0.15164566415575
405,0.240046849660493,0.217787054937956,0.134014392248396,0.0191052941367077,0.158866098615128
226,0.239239605372649,0.220963970121214,0.152853536270492,0.0512089958696311,0.116335103314115
415,0.238498753808749,0.216417710168856,0.126979997657162,0.0463812406059405,0.20732698475335
565,0.239367792213658,0.182360575244507,0.139240038077381,0.0324520665308965,0.111321910829846
555,0.234830892089859,0.190065121618077,0.123675211537221,0.0459215280723849,0.124887456666178
347,0.240690756415293,0.215098185374927,0.161745786170035,0.0575980405382018,0.162992550764745
465,0.240576748810397,0.201741693218025,0.147023779857407,0.0401456016841076,0.125611275705143
445,0.240806539643827,0.217364925357879,0.146689373931703,0.0361452257092878,0.157763197233254
595,0.238524768551276,0.194746892961234,0.134481249660989,0.054796231841127,0.170978353800472
276,0.239097691757506,0.208532947767931,0.149749265660862,0.0217752735480253,0.144888645971978
575,0.242956756891158,0.201060801309155,0.152616909401595,0.0582904137284247,0.145008603062714
266,0.236547322173094,0.2094746409992,0.139166899433789,0.0436335172336779,0.107309691822793
296,0.237773241814842,0.18444178221891,0.137778319546731,0.050845141639468,0.142056694452478
286,0.238793951005923,0.19031383397186,0.145728569476962,0.0549759796645417,0.140201015334586
605,0.241106822190409,0.236268112382665,0.149806497579799,0.0531173656402075,0.148069063595021
833,0.241248682668539,0.218262146727601,0.115268594853401,0.0364492986422204,0.174500546059109
357,0.240556513021091,0.204545944274772,0.141075803244975,0.0670997983822151,0.15823391487926
585,0.2388092351083,0.159327870867385,0.0905270944261948,0.0537674667190645,0.158419907595022
236,0.235520141588751,0.206236147450765,0.141072864108668,0.0353881126120621,0.0764659369474927
843,0.236336192851362,0.20004973205253,0.159490511071527,0.0523959608874111,0.112649409126631
98,0.240477470194517,0.185617458636273,0.139973905713314,0.0256749290763407,0.145848702906967
615,0.240319543746537,0.219533070697805,0.11769425358227,0.0591335303875595,0.124701022654091
743,0.236534160428401,0.212849969397421,0.129259326111351,0.0384772100139671,0.118175029991134
753,0.238958151104108,0.217665418489525,0.150187496877624,0.0740564382126336,0.121000278313661
924,0.23925219695113,0.199359661630041,0.135644875777165,0.061712714177456,0.160279434559744
316,0.237867245647844,0.203069462344916,0.137924667609687,0.0421818916197974,0.122170177350805
763,0.237095642156849,0.18142799610343,0.121223727213202,0.0586770111529085,0.151221750760555
773,0.238569338814038,0.21239451059569,0.148302184774999,0.0315325935649578,0.115889740198836
377,0.244612488239413,0.207174263868947,0.137246013295103,0.0435823107160054,0.161046206467328
534,0.238363663282494,0.180576620157056,0.138464802788846,0.0414178243765821,0.174478530824137
336,0.240582592352108,0.233454898391368,0.140007477563077,0.0425264118102748,0.166707203836721
326,0.235585754785713,0.216031900656838,0.156603434900777,0.0432657747947047,0.140197883311885
545,0.240284750335721,0.180343688234977,0.145797582354336,0.0429867395626811,0.201338404186276
784,0.240706147927597,0.205742371344714,0.100562645847926,0.0610927740695363,0.151390104616414
368,0.239421849966449,0.203402741655353,0.133583197738302,0.0557588100728828,0.167355284364547
984,0.241886800287085,0.223282126577527,0.156953068861311,0.0409463971116135,0.151267588793133
814,0.238808005589171,0.224335114336174,0.125943866864369,0.0593658400169557,0.134514074141729
257,0.240857043938881,0.186777095980495,0.142296830434062,0.0420820013907392,0.142187500723287
89,0.233961841627372,0.201619263611427,0.148685549418687,0.0456804351559779,0.152572624705674
825,0.237635902953331,0.228195181765314,0.15116535486063,0.0529151662504885,0.158797824238233
79,0.240159943585844,0.203433457661059,0.150717019248046,0.073796717762668,0.145772053598284
994,0.235499373698317,0.19213739704499,0.142531840346788,0.0502474207364051,0.161347034263778
725,0.237044996824612,0.201156627640127,0.145324340510358,0.0365899598241304,0.0705967122915874
954,0.241267193440826,0.194137948003978,0.143075388298134,0.0541243471714835,0.1057834173991
247,0.238558544590721,0.192939802296557,0.132016548418232,0.0538411932049451,0.143972975778344
7,0.236428410203421,0.20753304886554,0.138758615125106,0.0598349528433644,0.163804780510823
964,0.240359640301871,0.191264537138585,0.12660020160948,0.0481587916111606,0.193019116695683
715,0.240423432803405,0.198095992427662,0.141425558682698,0.0400850419902663,0.145022744788753
974,0.243765117583791,0.215087556572364,0.120524072070701,0.0784433454488963,0.173973748384218
944,0.239197588149125,0.197626151239921,0.144962062863123,0.052300054264099,0.140591107457196
733,0.237090838807449,0.205726401213671,0.156267862673962,0.0554418338011574,0.116435456643525
695,0.237796953200264,0.196380817620995,0.142740187393024,0.0377224021744199,0.173428699284763
884,0.242406532956219,0.204422201458012,0.150237562753832,0.0404577616195389,0.161502690309797
904,0.23875734867553,0.182319311113065,0.130136362397581,0.0591881330543847,0.154186088285012
655,0.2333267094582,0.204873534240772,0.111676013645814,0.0424138846253186,0.109453334604401
864,0.234893173394814,0.173015450350218,0.147581313581437,0.0481614723864864,0.125515254468802
17,0.235521381400251,0.195863519839973,0.119992984061577,0.0175612943869106,0.115234558435869
685,0.239050338843668,0.218988533081756,0.160640867245775,0.0401515190195994,0.16091472122069
645,0.230999347846913,0.190923784255879,0.126624752485841,0.0480030628619895,0.107440674037445
308,0.231459090819055,0.186842945729987,0.139668978512196,0.0484069775823039,0.144068064381085
874,0.234831819991083,0.171254106942426,0.127906733837937,0.0717207958468542,0.109864964132509
675,0.237202238282298,0.187151541662505,0.111605482247149,0.0351782029341913,0.0881466362786575
525,0.237063822241229,0.205925044215582,0.141241619485239,0.0379928815729128,0.145134767551432
854,0.239249049097496,0.205163397767931,0.145328930450187,0.0435035281670645,0.172142897200064
665,0.235865514054357,0.210382852969321,0.132918867696357,0.0434444899047741,0.122891175551311
914,0.238547318506884,0.196736533176462,0.148255032483256,0.0287559868016841,0.13480771265444
804,0.237061872669741,0.222386847183687,0.130755597747952,0.0294045140993263,0.14853146364662
894,0.234089174787375,0.199539251216373,0.14066769385725,0.025971662644099,0.141138778722219
934,0.238822942756404,0.204427465529542,0.15027520574821,0.0668682155901911,0.199431332790542
705,0.236269679516351,0.197815598339398,0.151008818908242,0.0439297076608729,0.153954984521119
795,0.234780961929584,0.187015891709908,0.161413042686129,0.0445528978288769,0.117938919585815
505,0.242596601459986,0.201252466220768,0.127047380531502,0.050465033302537,0.187683362701455
127,0.241221125268573,0.198492050666577,0.141355073286718,0.0370634705714151,0.125304922584248
624,0.236387514986623,0.189652285184963,0.134878090681665,0.0671063588027192,0.136717269594601
68,0.240102765026048,0.225006810516708,0.116962317848852,0.0591873846919291,0.171178788785245
387,0.232193666439279,0.201512859207132,0.127427126091324,0.0245454716944912,0.12239457318681
515,0.238821631968757,0.193712621007761,0.140218084055856,0.040414997681918,0.158740554874865
137,0.239290214784309,0.203573801981438,0.120465604740357,0.0541082862008898,0.158895319349441
566,0.236613367010725,0.205112910107358,0.157974201149199,0.0521796583437916,0.142771244784209
556,0.238166880790232,0.19164047180853,0.141921180262501,0.0558561540314529,0.14662646553977
348,0.235422957319124,0.199288038752816,0.121868681264231,0.0500119074285223,0.143437738404677
48,0.234604559267114,0.209729254893196,0.122628192927793,0.0470301662696966,0.149240954108179
38,0.238071003482592,0.211286855913486,0.11430968244401,0.042109244181313,0.1039496679878
485,0.231189186541443,0.192259193898328,0.155810382937737,0.0500216074501037,0.112302038780915
28,0.238679518530637,0.212952161598382,0.142562551070386,0.0374487290087116,0.133132636846566
58,0.235489154385273,0.188291125840378,0.143161002690541,0.0386053140005945,0.146902112076246
576,0.238144710852893,0.200463568436558,0.136460269763423,0.0648876050674811,0.171080331283877
596,0.242957256602867,0.19615494622607,0.137366683774357,0.0467662422692944,0.145209060287763
635,0.24181213705127,0.166450785231141,0.137213369173059,0.0422966114757097,0.158436368648836
107,0.241041065202419,0.224426763144935,0.166248619371098,0.0497081253482675,0.185684963076352
187,0.239577301995343,0.207327086899656,0.142387605360601,0.0521547334865551,0.075766756527737
358,0.234666433791334,0.199081503509388,0.126662013086684,0.0510804695271623,0.188142086154775
606,0.241153807566193,0.209140136875537,0.130437692709321,0.0500016504568015,0.130610529571852
495,0.236769148079374,0.213765778263596,0.121916006221073,0.0398629407009994,0.14214051926992
197,0.236223499939528,0.202366812331954,0.130786046607548,0.0458602025252034,0.177075012282074
117,0.231386048257476,0.201423690772073,0.130754621699175,0.0475430127193927,0.150345994952454
177,0.239149474475032,0.188295737769209,0.118614759376717,0.0607624487132622,0.207274102246462
147,0.238595284409616,0.199812291708358,0.148415415543988,0.0354841661476413,0.17748598817035
436,0.238712923715376,0.197254229023303,0.125202727224437,0.0565059853749156,0.185391976677289
476,0.233538491746999,0.194138417578439,0.137861299096582,0.0349080563394342,0.172984033743711
456,0.240978242701184,0.201917855728952,0.123378432935116,0.0512355361683801,0.101552651915305
396,0.238521104155144,0.21624590752085,0.140578977299745,0.0597236396337064,0.119571502391178
406,0.236180463487271,0.216718488144693,0.145598466036808,0.0400837619654376,0.189400686656941
426,0.234480770874255,0.19324103094733,0.137998727529099,0.0444848547550169,0.0752890571114971
157,0.241346153124297,0.197549728983051,0.121779582997994,0.0448357117319104,0.161291083473833
586,0.236546993099107,0.196370283493194,0.151536293354475,0.0650546240828241,0.136902348153801
416,0.238500825397784,0.186044209284931,0.146369573758104,0.0200570100826808,0.172668126589992
466,0.241752539874448,0.213254221978696,0.120025921746588,0.0464811321164004,0.132858600162497
207,0.240653769377602,0.224315430335136,0.158740865273004,0.0304797926567641,0.156745530583024
446,0.238387420816207,0.210655267340944,0.125452842886637,0.0441772041508951,0.16941414101882
167,0.235311127763646,0.193495078664781,0.142383277652743,0.0440149890355371,0.125702351502334
217,0.241101035623516,0.219672736761756,0.164947716762507,0.0438345472490846,0.105916484181761
227,0.233026599923019,0.19579050204227,0.151185550433949,0.0636902643411557,0.0871760072843502
297,0.238678909340748,0.20617040773912,0.122100969774656,0.0501726145103576,0.114847835416825
277,0.240086555132334,0.210233671187315,0.143931631971449,0.0680290409068289,0.132949147783269
99,0.234383901437311,0.206529281597695,0.109580347119416,0.0458194985854066,0.180707496797773
616,0.237086288826797,0.189183631965786,0.152278220654552,0.0382596749202105,0.114226502786507
267,0.236399774645659,0.188330051498225,0.147511158950335,0.0356385038155628,0.146999980617976
287,0.235780919787254,0.201502797954682,0.129816872514256,0.0317984845437764,0.144959978738826
369,0.238894106065506,0.19586498400448,0.14099530656258,0.0324222950965465,0.11931696829067
925,0.240866200589769,0.221791426819763,0.158775141528389,0.0365418838709611,0.0960516031831799
378,0.237879447868813,0.216419261995476,0.148792202338281,0.0307763290482949,0.158293820048687
546,0.237347190716511,0.193136922798906,0.132536864979018,0.0407354393227857,0.158925916078905
985,0.237489688398444,0.198100726768737,0.161842465329659,0.0483137096203406,0.170564722769984
317,0.238429127618633,0.209402742449942,0.141424963090151,0.0596082041911435,0.10305394592584
237,0.234912351209655,0.189200222606895,0.1451329613632,0.0334591944973638,0.096893081900395
80,0.234815197381036,0.191315502144928,0.13758574750449,0.0372685303729811,0.231658250606465
726,0.237472277988297,0.208584588969089,0.150665579617371,0.0504749806926001,0.11529731826954
337,0.23733647048605,0.197403978031195,0.124492594943248,0.0351330221775057,0.158305183069825
327,0.242383026101267,0.220123121116447,0.139194331227578,0.0589475669270251,0.0978626115618284
955,0.23831734208401,0.198643434359265,0.14709576950483,0.0470833670073185,0.159080762925175
995,0.242157023551894,0.217456482089839,0.12877558858672,0.0262518023489219,0.12146323514568
90,0.235985032134491,0.208064497595708,0.157731104984732,0.0232927468498077,0.121430003532099
785,0.236393885825247,0.204241013098343,0.143299952002037,0.0682486556121775,0.134825477817298
834,0.239226897303134,0.215563983893768,0.128034128224679,0.0411715222498393,0.150040221135133
965,0.231812033704902,0.189509468793819,0.150770290460815,0.0607063838018719,0.163839593942997
975,0.238747943572904,0.195450602517227,0.146036014613593,0.0832394006082809,0.185473566223442
945,0.23605510729605,0.205783685836104,0.132975454519677,0.0483519138033255,0.118147710242688
844,0.240117556111487,0.199834340303564,0.156538466283088,0.0564812947284794,0.141933521500313
309,0.243070046533062,0.212062041647615,0.155452182734714,0.0544196675073326,0.101100853677941
258,0.238580597361206,0.228928124104688,0.165344382433565,0.0567700353460933,0.0888809951216392
716,0.241606963188704,0.211260378743898,0.146397724258634,0.0521826857213109,0.132430518274546
535,0.238982220150608,0.213153260180043,0.149510562564692,0.0654806415574281,0.174588779173549
248,0.23643235423578,0.203329735481515,0.149926487783382,0.0319420031161989,0.146539802501667
744,0.243069511208933,0.206015674696706,0.130621924445691,0.0634402516711447,0.104757658642176
646,0.239111271356001,0.201849618616945,0.102639382445343,0.0383183526532071,0.132352926181033
696,0.239452921731008,0.197487993076858,0.147052650682368,0.0412779379657995,0.104794138210527
905,0.241416034633721,0.213875281773969,0.157439819746373,0.0513462904395379,0.130468121799413
796,0.238619093942884,0.216351203378965,0.141416256781932,0.0361175870153859,0.138082062427189
865,0.236766611702882,0.219664883105798,0.133361521621792,0.0456128162778663,0.13833180124374
885,0.237855566113713,0.187436794058087,0.151620791386096,0.0379251575993578,0.117672609616011
875,0.239583107073135,0.148594303054408,0.125037027541191,0.0588052872348375,0.0890901361999991
656,0.23446094853815,0.186320862907143,0.145497376661666,0.0238116257210352,0.166433818369877
754,0.236285730035981,0.205266758220641,0.148721214957309,0.0535954289115262,0.100824258338022
774,0.234883554507946,0.196987268180439,0.132239775788303,0.0148600637785943,0.142729494131013
686,0.239090856641387,0.201193418294486,0.153213429335902,0.0360802475715147,0.0969398321325347
676,0.235954326249369,0.203547698018946,0.164955204996315,0.0368104932479975,0.190886253843722
666,0.237591794136619,0.189775604806696,0.129803172221304,0.025758192074369,0.131866667532434
706,0.23271536295376,0.192060666450141,0.117306470320345,0.0528756355658688,0.103019214954971
855,0.242372539437177,0.207953975084217,0.144787306573927,0.0662985564320364,0.144548992915258
764,0.242164902378575,0.214721301990056,0.124453007260486,0.049219947824318,0.114369678459226
915,0.240054996752807,0.14795289517588,0.140554814548937,0.0612718478219178,0.127133664159099
935,0.240317895998892,0.220821474577446,0.169974610719287,0.0230097210606023,0.179358822920855
895,0.238846995990898,0.20822228847467,0.158649585236478,0.0387109055975839,0.162988383091008
557,0.237138225706749,0.206969111708829,0.142487807212736,0.0498348182424974,0.119469431403517
815,0.240681894007349,0.199708577896673,0.14148594876186,0.0666490514542723,0.164954208715369
567,0.232677578320565,0.185554009472739,0.165206547873047,0.0507985603570106,0.139863567769868
8,0.234214351800755,0.208455278131986,0.155558029439754,0.049586387685396,0.145067702332146
388,0.236044108514094,0.19934340438509,0.136470604108235,0.0538910207603405,0.126136115763661
349,0.236223547378054,0.209110155408449,0.134276139439962,0.0360673953033578,0.138409780689634
577,0.237667459015181,0.185198709985505,0.130513742260968,0.0351289379852234,0.189118556629676
69,0.239834631466026,0.209087125672314,0.141882837386553,0.0214329648520015,0.138615182068285
826,0.242111488484239,0.179279003763712,0.114992180941214,0.0476606366382167,0.125827734784642
18,0.239347833172229,0.191469291748494,0.13655972534837,0.0213953331868971,0.151515676777187
597,0.235118171044444,0.181375700256829,0.131346685624423,0.0178100493352407,0.121489344481017
359,0.237721888656272,0.21676340814487,0.142939085677059,0.0419431224105641,0.150428780689519
607,0.236119762722539,0.197378108928281,0.146053943606466,0.0454506551008853,0.110856898216175
39,0.235703741389282,0.183499700960999,0.124321631744081,0.0409253434519067,0.10274242905881
49,0.231207973836136,0.213333849049689,0.140559688638083,0.0496680354270086,0.0931566339251121
59,0.238731834575253,0.209974713854067,0.131397074809952,0.0727474875569847,0.170730864413701
805,0.237622672420554,0.17342584053472,0.150386800907547,0.0498177226916139,0.119630052061468
29,0.239452960468704,0.207369352955919,0.156033596530351,0.0734816687193498,0.119223465052323
636,0.236031878811819,0.169205595060893,0.143376048122626,0.0691468213260022,0.181479191120196
128,0.242294964311624,0.206215452329185,0.141342829607769,0.042530128242599,0.1656824865639
587,0.23791441655787,0.195121119976772,0.132657610485414,0.0589540265046964,0.100323530886961
370,0.239425473155384,0.223691038715104,0.149117460165187,0.0243291666433051,0.18620125486154
625,0.237646657333538,0.183951680159044,0.137632494405044,0.0165259573370881,0.154525536465927
486,0.23853606372147,0.199218597685761,0.128587526357729,0.0439564413736445,0.0938649125428246
734,0.238547936150476,0.212707070920188,0.153251240439252,0.0383587874745936,0.14429958684343
526,0.238303137229672,0.210369376453807,0.151996289504178,0.0721875293506642,0.0802096778289673
477,0.243105254799204,0.217056636212818,0.165877164005711,0.0489939630390351,0.206256700318675
617,0.232613211970336,0.225022395059288,0.135111192084504,0.0290920824330124,0.144893186366516
407,0.238886790514082,0.212417272944673,0.117286700163195,0.0475142201137845,0.109284762092286
379,0.240258108369558,0.189549299168965,0.124851930978284,0.0579414478800892,0.102579012278804
437,0.240883602836998,0.201703433792554,0.159216922684108,0.0606073048174139,0.124332450033456
417,0.236517445011152,0.190632778523882,0.150825534748219,0.0550362314128587,0.103106594727895
138,0.236142597555356,0.208578494850928,0.12595692406793,0.0184120474421391,0.14097878938458
397,0.237176122473491,0.199189573019685,0.136064583883057,0.00823712811894716,0.216678852121342
547,0.238717054719129,0.194755033705162,0.144026924425773,0.043386429443017,0.18128648208068
457,0.243345395027852,0.179336115720988,0.148548785504236,0.0460492085546416,0.1118912135157
986,0.23860472183197,0.209934878408649,0.145846322204051,0.00331895687363456,0.116237551960017
427,0.239775413877999,0.194088281382312,0.155984881119032,0.0474107508163016,0.130686306787487
447,0.235894715703892,0.212161664318882,0.107516200233446,0.0279586154079495,0.113706717766367
108,0.238878340405595,0.204947065595112,0.0934880762341826,0.0536751704193867,0.138716111127467
496,0.239322903626749,0.196577548786099,0.147720723869502,0.046498151985949,0.165199200652323
467,0.235428310632347,0.210905634623694,0.128305423758183,0.0270109365347683,0.143505802415383
506,0.235284363452629,0.208702997043616,0.142159225293136,0.0395568238819198,0.0954909077134291
188,0.238189208030356,0.217625136501554,0.138415432646111,0.031328075308372,0.169498881256364
100,0.241183039441895,0.216319607172478,0.161411711911023,0.0631569813490744,0.0880449444172837
926,0.234195278422472,0.202067572565214,0.129073977878754,0.0228046574846338,0.186716097747236
956,0.240399204114512,0.208962979059605,0.127300680750817,0.0450662316872368,0.145392321140167
298,0.2376781083139,0.191934648515611,0.157093088150573,0.0481964132887911,0.096832475873493
727,0.233161231426977,0.1899233056999,0.142297836474664,0.0268601899490679,0.153192694758813
996,0.23701882603204,0.210491007238624,0.109830645698733,0.0449546416022354,0.121301500499632
118,0.237827756154392,0.215245311870127,0.153337722068246,0.0511523431019646,0.21036299539924
278,0.23759464307297,0.198364123381739,0.127453284808679,0.0243987898125446,0.0852084095002312
198,0.234353549723957,0.19256801924108,0.130738646677947,0.0656830909187872,0.111793244917163
976,0.237611719478314,0.165943379032598,0.148518319460992,0.0314279229947683,0.12498347333579
966,0.235836717455562,0.210643322097607,0.144049286919965,0.0397477105157222,0.159391760350973
318,0.236495897938304,0.174849306728594,0.151272208102313,0.0393159917078396,0.184402047877428
148,0.234068082288296,0.188507190883701,0.14921840174283,0.0554543701269466,0.119642643688061
178,0.238469813715676,0.190870462670479,0.152420102518652,0.0494297835886084,0.155117354958643
288,0.236863233618247,0.212004843362669,0.125859787071439,0.0560012919100684,0.0966003206654353
268,0.243304020508092,0.212577988474057,0.144599468404574,0.0593295749867607,0.174697186771945
946,0.235804852241322,0.17315308616985,0.0926774365782998,0.0296661647489995,0.130517270969894
310,0.234237785729256,0.210720042133813,0.138227026873891,0.0341570771552491,0.134174060912366
516,0.239531695112522,0.193501297310527,0.131708163883308,0.059980276383156,0.156668405782077
208,0.234861720392179,0.204952518458731,0.149403174486205,0.0509486364590479,0.078289806557711
328,0.238731359424087,0.191030472932356,0.132548283337991,0.0362614642352668,0.118403858735243
338,0.235292770135535,0.199604022268683,0.114699040678077,0.0190567775665838,0.183426992823475
168,0.237804886236085,0.201006294653602,0.150645784530505,0.0280188825620161,0.13116969630425
158,0.243624674395006,0.218801751806602,0.144692943481591,0.0254228914483272,0.123254414126013
218,0.238857084576068,0.226102133723931,0.152151080425924,0.0284950865248669,0.135115865726462
228,0.236930557961241,0.207803015944175,0.14208936262419,0.0421104664410314,0.0986815339066658
797,0.233841754939676,0.193061844631929,0.124866088217635,0.0438713752718106,0.120182653994025
238,0.241311127014294,0.20772128331157,0.155777351609866,0.0791671266888416,0.203207813388081
786,0.236308930691845,0.210760933995289,0.119178132294822,0.0525130426109598,0.108554353344635
259,0.233974413076478,0.198714428485562,0.129271960796739,0.0463252106660394,0.165380121057119
558,0.235092385763282,0.176063464843838,0.134362979631048,0.0407156956223397,0.167740673404737
866,0.239836493764973,0.203318503069011,0.144377286070148,0.0587479228514994,0.184077842591824
568,0.236263158400848,0.219014263793806,0.158626221781301,0.0412816379949752,0.132783139495151
717,0.237139310431483,0.180688581749346,0.153919310742444,0.0643353933778364,0.122334163255069
350,0.238000588940319,0.193956425077092,0.139244566323544,0.0670842867631578,0.129086601755535
249,0.238730290463316,0.22498202563139,0.150141482153594,0.0603481636451765,0.156742890467222
647,0.240740353866566,0.221346272538459,0.121593640195643,0.0581995493982345,0.130131108099072
886,0.236655047643017,0.177729785573666,0.148030196843355,0.0375075888598738,0.127173007442239
876,0.238682858345883,0.213488781985811,0.157947926672892,0.0721542278885787,0.144028997536643
906,0.234900343192824,0.170422368046803,0.151864876360984,0.0305868776375322,0.132094382912757
697,0.234505845086333,0.203560421660353,0.12871355483954,0.0308204674090254,0.153804526610491
578,0.237308520548512,0.187313044611403,0.102936477397187,0.0752780854322841,0.162355163582611
389,0.242020032949427,0.232209320733254,0.14514594850223,0.0512361332827299,0.127485547063211
856,0.237502255882741,0.183146606597588,0.132127403067113,0.0209998128264691,0.106910427017989
657,0.237877742409666,0.191457589579343,0.122485134385317,0.0526862036500142,0.151337624535479
677,0.24060836114364,0.200989989493582,0.136499443473862,0.0614622172304721,0.139299784295909
707,0.238871077259392,0.201454169229603,0.154550103046065,0.0449233586714953,0.15367565662232
916,0.235776518540905,0.181694524378421,0.141247420015415,0.0181616957823924,0.149358863974751
598,0.236085066731369,0.199970614961306,0.151261243226091,0.0515496452305038,0.171733634334546
360,0.235942430767323,0.17399558960831,0.154504884442176,0.0511179754217411,0.186687652124677
896,0.236488159183787,0.218066225388566,0.154745299999653,0.0612762758942621,0.126561790938166
687,0.231875975126737,0.203379578275143,0.143097560827462,0.0460784196299068,0.121730062672139
667,0.240933081181278,0.204863780631492,0.153642986185852,0.0331752617521543,0.145607747046222
608,0.237293938462212,0.185531041536292,0.124746320892775,0.0528083305440704,0.153682066329832
936,0.238449708741034,0.199638550454421,0.144430337498292,0.0541259433203228,0.132553571012008
845,0.239891889928378,0.198861050563423,0.145484415291188,0.0466817093174171,0.104887610428113
70,0.240309816725147,0.215166846522285,0.150461169628029,0.0521658138453897,0.167831509914357
536,0.230591243193669,0.209527402719662,0.116548784208746,0.0497375473389831,0.141626600477802
835,0.233785947632475,0.218081553800032,0.141757630540715,0.0615277333609786,0.129605153027184
9,0.239079604889034,0.206176734896354,0.144805363979723,0.0496683209697951,0.141578496771916
816,0.237902544197072,0.212076731350825,0.135696078239103,0.0302597943033752,0.154581541307996
588,0.238061254197113,0.1924153050978,0.126177848035819,0.0372983031660884,0.135726181970591
745,0.235584561420002,0.214807109409609,0.132017496946093,0.0753812892903772,0.179667357111181
40,0.234664706395811,0.205808158929552,0.109388997870449,0.0573900009500525,0.117304155163949
19,0.242752332160368,0.204782746722333,0.139147960303739,0.0442701372073226,0.124550463737336
50,0.238230089708172,0.201269064278372,0.157603799103125,0.0499237885178681,0.140677994568694
60,0.238596520199474,0.20170834424336,0.149798991613624,0.0383655737622942,0.20195505166255
30,0.238497535604325,0.209570889149796,0.163291866887618,0.061035367844656,0.175213353052282
775,0.237566584769964,0.206943874303214,0.137831497349462,0.0294269587891976,0.142025879676842
637,0.234324147500216,0.171409528436636,0.127393265895763,0.0583762668046669,0.12445381592786
380,0.238237107668138,0.199591062903352,0.149708186797184,0.0414276013652801,0.134072940684781
755,0.236067663501761,0.18551320614626,0.121223456740367,0.0486847271563445,0.162060680307063
765,0.239787647571517,0.204136924400081,0.138871814676336,0.0747965262830558,0.236375932316555
548,0.242188185410363,0.222372715397641,0.153045666770418,0.0467926240677226,0.190554122899951
987,0.240945944958421,0.198680168228765,0.128497916476982,0.0611924207799291,0.112583015821246
618,0.238345239861846,0.194613676511677,0.141792729517006,0.0491393336092311,0.13991719809289
827,0.239097043688879,0.197520701887796,0.11982959644122,0.0417855369407203,0.144221273081719
957,0.241997374570074,0.222009670207998,0.143299084792207,0.0194285346103885,0.138578887836817
728,0.234119761950248,0.205791718968037,0.110205941028653,0.054154025063811,0.123605759303918
806,0.230914069739342,0.181000932486047,0.137306460287734,0.0320590249845502,0.135216687820782
487,0.238079343216179,0.201742724314822,0.148425116618247,0.0449321933023058,0.127418415522985
129,0.239717035079029,0.18601774266294,0.150613715756276,0.0343067262592676,0.168095857035196
408,0.243091247803284,0.197791681660766,0.152804791006136,0.0248473995080729,0.142970971972557
997,0.234088950929168,0.18357833411089,0.143462383744085,0.0585341654086107,0.169444983806503
967,0.244188665773167,0.218257415651019,0.150151199879952,0.0453476118219022,0.159053243135404
478,0.239537897822182,0.201932421211473,0.146692692127415,0.0462053133416636,0.11845993018627
977,0.237435738230432,0.201760784504158,0.137714359945208,0.0579807280588116,0.128759182120733
418,0.234866378464469,0.208852480025115,0.145403944738815,0.0570227783324562,0.151785371076998
438,0.232951247487157,0.197029787901108,0.142603049239384,0.0333885439382808,0.158953630725083
947,0.241423675215793,0.204971046634237,0.151352287458327,0.0585811678418705,0.144770317800598
398,0.234652024454006,0.185015637948764,0.141872027137086,0.0405406786484404,0.151902744456982
428,0.238441686821314,0.215278153866286,0.136151156426291,0.04581961814012,0.176843825553238
626,0.236903137545239,0.196053965048203,0.152136942582545,0.0385267035217467,0.0956083250642018
458,0.239683286306909,0.2174296581564,0.149104327289165,0.0462509452612159,0.13872379616106
448,0.243609378263211,0.207983740963568,0.142754902953073,0.0624018754200725,0.168257955598407
497,0.236549376076833,0.188449812556907,0.138174764483313,0.0533311484139996,0.0982441018337125
468,0.233930080753788,0.193301811816496,0.134436242561024,0.025370098491995,0.123905948232229
927,0.240002059171993,0.209316766399229,0.143411032413786,0.0310422680827739,0.150494447279639
319,0.240575453602032,0.219097480688514,0.168350263984317,0.053268470534019,0.123555993429038
139,0.238338738968278,0.193315558497343,0.135479445668087,0.0531974612126487,0.140311660244152
299,0.236155455599539,0.19225900184799,0.139954139695882,0.0412593654818268,0.151397185153869
798,0.237420668698406,0.201673632568835,0.147540234459299,0.0594722136720651,0.166392496204652
189,0.2398257703485,0.202910937398247,0.148304738792894,0.049023562322473,0.192214063005512
329,0.24181649366449,0.168582902798786,0.118703870037812,0.058085362352751,0.132273198432298
279,0.235078368920757,0.180154906952708,0.132672169479069,0.036414735862485,0.12123379188032
109,0.233475687192258,0.199414784796659,0.129441285127525,0.0526795400146884,0.140389953038642
269,0.239203519942828,0.200116227237411,0.154869892381795,0.0648442958987138,0.121870266073625
339,0.238391295676904,0.202868641411345,0.14671681174438,0.0465742995290463,0.119987428897004
289,0.238901474464547,0.199582225557265,0.126154904463215,0.0320706316185094,0.160339556016382
559,0.236546012336622,0.213564609026342,0.134174375688512,0.0204630811173106,0.0901620494736917
569,0.236283725577416,0.191745553998888,0.136641028348638,0.0629932779235313,0.107354250684343
199,0.234844171771871,0.197230230276027,0.147236315016776,0.043168684224559,0.140074444523993
119,0.234495878353266,0.196019210954513,0.157369488456114,0.072104458283678,0.0874013054901568
579,0.237040478838732,0.194038114747288,0.133675523675534,0.0486031807820813,0.176731959309438
149,0.235023294076474,0.204160233383806,0.14770269265607,0.0631567267783019,0.102771465902163
527,0.238763945586352,0.203592257239766,0.115450591471088,0.0547530336369302,0.120604024328004
179,0.239828833126316,0.204608688282452,0.164212423710143,0.0493652196143064,0.181739300862474
169,0.239744527013609,0.204908589230968,0.152013979449875,0.0479776901095776,0.128102748423303
229,0.236771933956778,0.215002858476917,0.124733651252875,0.0418052253516454,0.174568792077936
735,0.242795075081757,0.212995332416333,0.145924465115897,0.0574504916042588,0.1107871685072
209,0.240627503490407,0.207677244089845,0.144601924101833,0.0473054597634338,0.153490333622685
219,0.23594857036445,0.212944644296085,0.113588061331025,0.0531619196198875,0.129509917125249
867,0.237351396282233,0.190176082310198,0.122871416501047,0.0319304247744235,0.235831272565229
260,0.239034242792375,0.200805123833295,0.153073409401102,0.0771119039263559,0.108604080399665
887,0.233233774092771,0.192434676289538,0.146615765642048,0.0334682817969281,0.142929268162573
877,0.239402469257944,0.207338306727484,0.147075969673714,0.056935191603877,0.170111739209532
159,0.235275095646827,0.189187273721351,0.15773495025841,0.0344956654400786,0.0905792868091501
390,0.23715223190591,0.195307210215748,0.140069981290196,0.0317112222199201,0.155578482548175
250,0.237343887099607,0.179028089356739,0.141584372264943,0.0556516692197945,0.162004529300489
507,0.241789771433567,0.203661134905038,0.118556727636986,0.0467620163718026,0.141899323565565
239,0.242067765405283,0.210331142236,0.142350613930277,0.0685877842181531,0.161936018310626
599,0.235905692123783,0.189627519775625,0.145606377442254,0.0408064837094646,0.127118290434284
609,0.234511735221093,0.15878498152357,0.11512044774987,0.0413862995033172,0.164761609134051
907,0.238318811061869,0.21414115728819,0.134834151617851,0.0576337935698986,0.127890894640701
787,0.236672861998607,0.214134677267609,0.153559349402054,0.0629224807141731,0.0965746737272189
718,0.235885706428007,0.195466380186574,0.131497758963585,0.056791696713553,0.134447566665285
857,0.235191260457632,0.196058763623571,0.135196129282941,0.0315322786193201,0.18103125309671
648,0.24458320051418,0.216109296852231,0.150252734174571,0.0595240120610286,0.171368609547374
917,0.240407771118998,0.215891756533306,0.139838748047421,0.0495145257331572,0.220776855903017
698,0.234753144304673,0.180379189130197,0.13987585653525,0.0317154563285564,0.138758338291612
897,0.238026954947989,0.207176503947253,0.150517245362308,0.0570725878650054,0.16246152019033
708,0.240359015918992,0.215546691289955,0.149097294294348,0.0564560012907375,0.151313915455266
517,0.239836464900019,0.216833219776329,0.15318104892897,0.037870873851866,0.144884289192581
589,0.238594457226656,0.173010952167904,0.149460112126,0.0425964784250159,0.135437762421213
678,0.239431620967599,0.211211193739505,0.159841138656466,0.060869701818501,0.0682763689729231
688,0.238519706103682,0.205575667758971,0.138293657977889,0.0292882522086256,0.140118150396424
658,0.238314393983619,0.225288864543546,0.148255861036798,0.0556258512604632,0.132169893852712
10,0.235788768064903,0.195613520007766,0.121655948337843,0.0394952750244162,0.180887877244709
988,0.231847059269236,0.205570266936405,0.14850627734883,0.0347084054263303,0.100132822742255
668,0.237229943128494,0.20461394028833,0.130542392207077,0.0478575218362569,0.100869207094648
937,0.238432106479752,0.178186976451886,0.139704322996716,0.0340421948488947,0.176777839595355
549,0.238272280348296,0.209583402082541,0.157840086289892,0.0483589652502444,0.141984826682445
958,0.234216352950303,0.199954907083355,0.137425812289072,0.0333130909127495,0.0873106907961683
638,0.241098489767091,0.192291957665079,0.148438483165442,0.0604295004564215,0.103341614515994
817,0.23791550535914,0.20118332093435,0.137733303706473,0.041324204215704,0.103978193323192
619,0.242784314180974,0.212990081614817,0.152224001510869,0.0213784498307426,0.101593384689413
20,0.23686430922722,0.205892893323748,0.145173835710935,0.049787440491841,0.139659956648097
846,0.242004907951287,0.206595336261492,0.14637086437752,0.0553462974395755,0.105202008970743
729,0.237901759227331,0.229269661384705,0.14290045700527,0.0403752108610159,0.181569486266018
537,0.242231061179957,0.192706446016604,0.144776178940832,0.0567938398479433,0.14401892305583
968,0.234505034000098,0.224070860434208,0.136550478237402,0.0506356504062826,0.168625748609697
836,0.237654085359726,0.229283834489075,0.142182009544481,0.0350163813639112,0.134365742463157
828,0.237419489322873,0.185236360012857,0.149102143415474,0.0461624965124757,0.135192496139934
998,0.236607687573096,0.182706185144871,0.115961843928971,0.0361498624026089,0.109281914577601
978,0.236423854947737,0.221842725993347,0.145873512675752,0.0595046460955946,0.168509447761744
948,0.239172202235721,0.221466663036405,0.129893301579117,0.0624682690393975,0.105300128086049
746,0.243256220649972,0.216053801292861,0.167785850888008,0.0382750362287084,0.142570529605705
488,0.238182243417528,0.213249345234258,0.12584238234006,0.0484767770019901,0.153071815784854
776,0.238728103226886,0.210878277700858,0.13973383212702,0.0613550673892735,0.103768164198583
799,0.23584213610094,0.20158434991615,0.135250588435806,0.0455405254828243,0.181886072879853
756,0.239715923648102,0.188788072589437,0.142616780190511,0.0433746443555424,0.180746904668175
807,0.237950836422817,0.210902456898939,0.129475137500755,0.0410966328420535,0.160720702517316
409,0.23796523975707,0.198762293258185,0.145932257345398,0.0607896708849684,0.157264581840637
130,0.239122923495046,0.195052964962986,0.135078328928768,0.058931671216361,0.153801014861977
766,0.23328852406512,0.19571687492729,0.141295109352278,0.0541116064081233,0.143395061836958
320,0.232209483506226,0.211901505800271,0.151920460327655,0.0449739330104814,0.170740460248832
498,0.236005405965192,0.180516988367253,0.140199315710429,0.0473544058189323,0.1457781636464
419,0.235927500485196,0.209421331887643,0.148047521816548,0.0397319658554536,0.109439335472385
439,0.236903435094677,0.201259379901522,0.126208954876487,0.0433469151336608,0.147335923712435
479,0.235113769297555,0.212187912677685,0.130181850827735,0.0605325914178964,0.131707887609435
560,0.239664120089619,0.199925968324169,0.153470014992418,0.0588896737366008,0.0979124527706557
429,0.23728667317459,0.216858797553831,0.143435362186559,0.0459198270502408,0.114949872506346
449,0.24135218024959,0.207437822348444,0.12965770386062,0.0442206541507964,0.130147528432131
399,0.235614603237352,0.210997425210559,0.104339148223176,0.0572314273385633,0.158137174240503
469,0.238502020419706,0.206995725791178,0.151055305274284,0.0574421758850687,0.147428193600018
330,0.23586859150141,0.213030918805322,0.146259142323481,0.0472968421289272,0.10250755163974
459,0.239782139971599,0.213547254067575,0.148963080963504,0.0364488883166862,0.175473806685872
928,0.235451335470959,0.166269277672101,0.137630591354954,0.057678132244609,0.122994161101319
570,0.234487781233839,0.18613363806221,0.138495816496349,0.0576271347104261,0.151376087370415
580,0.240952836290915,0.206175770410467,0.144376069152367,0.0533377117824613,0.203738690765649
300,0.236122146084831,0.201766157782753,0.147903084387968,0.0434000099984162,0.139179110501429
340,0.23635587882399,0.192244334155673,0.151000927114697,0.0426762606181844,0.107128699363603
280,0.239114984969246,0.20187121028132,0.146003555317823,0.0466360559492048,0.148848738207017
140,0.23676473877905,0.205108498238789,0.157070982503978,0.059995983834125,0.157456343307793
627,0.234889884712521,0.19995197927186,0.135933804284174,0.0238744250888282,0.133883316723952
290,0.240725023456736,0.174651351303832,0.107941415444404,0.0629485158780352,0.085291957282903
190,0.235948308836148,0.194344198847178,0.135383918382225,0.0289513051693564,0.192586024315101
270,0.234832807970852,0.205399897673137,0.147627002980808,0.0423993234107755,0.168663847940514
610,0.237718415694592,0.208393215404314,0.122560498924267,0.0576599451935353,0.17922024780082
600,0.236233807968708,0.20541385241101,0.150654453768844,0.051880597066373,0.170672150875098
868,0.235744030584416,0.198262923602071,0.136189269133422,0.0332857374169463,0.205331572116387
110,0.237444394246861,0.20730712195975,0.141430155729721,0.045815842976222,0.200471466074149
888,0.241093324717224,0.21934265915333,0.173032369344839,0.0652877389736689,0.124949960224769
878,0.236842113208869,0.205188845074157,0.139258528150855,0.0528655626557954,0.105476598504626
200,0.235968574332435,0.183904836030237,0.149849849745068,0.048500929070189,0.156191856969027
908,0.240593251173738,0.218171705218854,0.153537089636317,0.0549151960716899,0.166675499767135
120,0.234551957727022,0.218076959300278,0.140847430405568,0.0413674037987829,0.137104672623131
719,0.240523762411572,0.202802071697447,0.13107395740675,0.0471705285206525,0.132637203568569
150,0.238546071576848,0.211804673789264,0.143085323178031,0.0277016347147409,0.119523872796807
180,0.237670255064212,0.219911552132873,0.153057293988989,0.0227252131251272,0.120462335312899
230,0.23751880193054,0.195882241607632,0.127279565466994,0.0493142749655571,0.148017671798453
590,0.23746903141562,0.198850678311632,0.155483211559344,0.067322493209571,0.142359992021684
858,0.24085266182176,0.202053161501663,0.133129112523615,0.0621005996349291,0.147248105187894
170,0.238160516232942,0.195242743369723,0.133361137719301,0.0501462201391811,0.128235369851308
210,0.237161242370025,0.201004875313269,0.136731058331986,0.0733972783106476,0.0935915742891573
220,0.242427042270943,0.213550579961464,0.145800517832774,0.0416017036220244,0.148006073047957
989,0.233148399373404,0.19698403939917,0.131118885662213,0.0384238120623678,0.131040487704119
240,0.235633377551133,0.206004544070856,0.123581423568054,0.0100435005391013,0.15626939464034
649,0.238272061440856,0.187824654893171,0.153692364388895,0.0802109935954218,0.160888484892254
699,0.235564172004468,0.199517298878855,0.141099023417965,0.0549607088025781,0.126101850246689
898,0.234036153065931,0.200341405515728,0.104033706301951,0.0417210055815004,0.135028923208793
160,0.242034947306337,0.2157206221291,0.156220575234797,0.0243455413765417,0.16955390192626
550,0.241245445378666,0.191956049776344,0.163598259226296,0.0536083163207874,0.106613642755174
918,0.235116242544216,0.20755380343957,0.147676771190476,0.0524913987582442,0.176864698985161
959,0.236324516112158,0.20767593914593,0.154838584093786,0.0523752999560988,0.135329225924782
788,0.237412171059982,0.20316978627694,0.12972216743947,0.0534650806621188,0.11311075903047
709,0.239005789202728,0.218169402155592,0.136946669244185,0.0489600660391227,0.165074175887278
528,0.23553331709023,0.204800460849054,0.128409755309599,0.0607063775533177,0.153441374276536
679,0.237922555045809,0.213050265663851,0.140210379954075,0.0527306422296048,0.118995103765797
730,0.236727019440447,0.211410412818365,0.152332122274229,0.0493756779733614,0.110164561712067
620,0.240160098424387,0.218792307007218,0.143667899768157,0.0520627127368171,0.13995653465315
689,0.237943460092507,0.212549910785565,0.128384808905969,0.0631963558532104,0.112021206892051
969,0.236502681471634,0.196891672291595,0.155701315251563,0.0444637276656037,0.149557103964372
659,0.236332263012566,0.203681026835117,0.147826846017424,0.052377058795932,0.116144924040369
938,0.236947758696547,0.200562108417628,0.145452553767576,0.0194149977947121,0.114846062798084
508,0.236644713560089,0.182666797060994,0.144390700857089,0.0494512848675508,0.169449070051413
999,0.236830246605026,0.221229763796784,0.118861765421023,0.0295336919424317,0.132369358652055
979,0.238119622545232,0.208019829037376,0.151278087151196,0.0450304894679208,0.106762320426118
639,0.243688580144781,0.218111219652815,0.155991540473057,0.0636489661876147,0.201995496218032
669,0.236072342789983,0.187312512128482,0.1164572530488,0.0477550860223112,0.13167513661811
949,0.237315920479786,0.196734034046708,0.155758973278835,0.0320587884806685,0.0662995380213516
818,0.236310694166248,0.202817465707034,0.134388073169657,0.0698908971066247,0.100403428450207
800,0.238877167702036,0.198547328548417,0.156369819682732,0.083187246772027,0.138359726792055
829,0.234879680704951,0.196853620090549,0.124979526704619,0.0384352323106761,0.117674668776204
736,0.238454569411529,0.19457321445376,0.154758283457661,0.0592599980127681,0.123786081843809
489,0.233661989804195,0.195090533730058,0.160193081431475,0.0414133384634126,0.155989459679011
518,0.235845423858825,0.212374884720047,0.132763169370585,0.0476456245872506,0.117425668092709
538,0.239311146751288,0.201891457937111,0.119298805393172,0.0523719231551691,0.0953795190273465
847,0.233286826154995,0.200781425003503,0.12884721249262,0.029263565434817,0.109868807089988
808,0.237862566354226,0.208775080233968,0.156346225090185,0.0442304255126451,0.107933447881858
499,0.239393772527963,0.193234249142053,0.132119204133935,0.063256387971881,0.127620294204559
837,0.238240537658041,0.203432101755936,0.172468134816155,0.060613913123773,0.170523001386985
410,0.236309558788473,0.19997952010577,0.159872910449658,0.0493052638145307,0.14119786347228
440,0.238869975944023,0.187615290491922,0.153362031399012,0.0301817163287925,0.115777059442912
929,0.23827648369557,0.219372172724078,0.139521843955704,0.0615889964046779,0.166418916982087
420,0.235395401724117,0.204991771430961,0.13566069950623,0.047506906886249,0.150716771544407
480,0.239025044750664,0.197795540242617,0.156328363367939,0.0524115208164968,0.132627256038182
450,0.23571330824465,0.204030557633013,0.140444225105732,0.0550760032241091,0.148645605569483
430,0.238783637736157,0.196425692596394,0.1371961000183,0.0386305702290799,0.0997230034025611
470,0.236998587385315,0.193556124389102,0.146147259371299,0.0528077668025181,0.159600901335896
400,0.240458807613159,0.208041491121409,0.144579054002185,0.0358474038976418,0.167025643578841
460,0.237476385202677,0.208964938381105,0.160381195449358,0.061153820827414,0.104347483514874
747,0.238348642475633,0.197333874419564,0.145947743355582,0.0501469732078678,0.222985108061552
777,0.23940403039157,0.208340765352992,0.14192374321346,0.0443982119620244,0.173486979464303
757,0.241590240406845,0.193110339783397,0.139094067606132,0.0411721913049017,0.131106387589482
869,0.236536921683473,0.206620650328453,0.123949077733549,0.0408951913124933,0.136114368457303
767,0.239601613949081,0.189899763708636,0.138326895991781,0.050458143163052,0.130867911675496
990,0.236175307258734,0.2079308924673,0.115738405119452,0.0287434338571753,0.113462223484682
879,0.236124072574534,0.189081472681715,0.150620478819445,0.049569501946997,0.104833995269861
960,0.238188845559908,0.213648505602233,0.148195284796886,0.024770481690777,0.167236555767512
889,0.235259024555537,0.192596420117062,0.142985271846584,0.0286047362275007,0.155892340041353
720,0.235407526914719,0.20703731569436,0.130606174361295,0.048963069769471,0.117349165798208
909,0.240548714871444,0.203099333499239,0.125306650089949,0.0534497016393427,0.197876152291969
859,0.238230929621321,0.193236907396086,0.136890423536301,0.0538118741950102,0.141627710025315
628,0.234327019794151,0.199250399833978,0.148954125644929,0.0499183653738631,0.154554340386946
970,0.236498419333183,0.203562341828464,0.147858927275163,0.0412692714095405,0.128518674744066
899,0.237792847867882,0.200081297565705,0.154380145050875,0.0433926487932664,0.164179095311935
650,0.239079252835072,0.201758532709932,0.133442538939286,0.0517998614168738,0.160042944219842
1000,0.235020322873264,0.202366697861094,0.115680388057386,0.0466846341754618,0.134863105150196
700,0.238794205509501,0.209371726743592,0.0859589193949325,0.0485261660661638,0.142279124330014
980,0.240121168534513,0.213443917082954,0.121817528874837,0.0468431521275241,0.183902786644435
950,0.236178457188303,0.220385442958917,0.135724938150843,0.0331657462238442,0.158682031391975
710,0.239497557878001,0.196666619370907,0.117487475639163,0.064942373889654,0.153667361166627
919,0.236075511481499,0.209980849034604,0.130939517088853,0.0375106303770564,0.148450584712163
680,0.237182034736771,0.212881672717173,0.150655211668688,0.0434412910407252,0.130600964804954
789,0.241942129901599,0.213275910497659,0.148835238402821,0.0827381813408861,0.139299509796773
690,0.233406342963515,0.202668095652572,0.123473218841317,0.0574287569357882,0.106745813645736
660,0.239362751716998,0.19180700797502,0.133392120254641,0.0789483775541258,0.180841923261367
640,0.239271666468935,0.202741606769696,0.136570746959664,0.0388592444606773,0.0929478693344565
939,0.238334071799663,0.210132296104135,0.130911208549479,0.0582832894124183,0.182982801749899
670,0.239230205393172,0.217168926953084,0.124913647883769,0.0184907198483011,0.157659228819294
830,0.235556879488202,0.208579163142431,0.12359424630969,0.0366895784740864,0.157360810010681
819,0.242540558568698,0.209481295753026,0.141712613468226,0.0487556762089788,0.0872781112553873
809,0.24528348492015,0.213423802231169,0.164476973374731,0.052195761324147,0.115384039626612
490,0.240001370449049,0.202639662050706,0.133274718163687,0.0596615098301442,0.198893679615109
529,0.238384388176038,0.202387595918366,0.147148748588086,0.0337387500097821,0.172071153281162
509,0.233722078217881,0.197558129614799,0.157357605774501,0.0474554420910644,0.156442933038158
500,0.240296458299438,0.205980945415026,0.144073195718158,0.0618939599540733,0.136135922235483
930,0.239255608132183,0.213718127432966,0.14681618816961,0.0510854257904335,0.18280006281063
539,0.242025771703714,0.210668685652391,0.136656691789811,0.0541402360725911,0.1368062343442
848,0.239630622234772,0.207654308876635,0.142322895123401,0.0406300653318156,0.13425762774237
519,0.239731094840657,0.222514914292591,0.133068517162963,0.0430307742194141,0.141213934481655
838,0.236868139320202,0.189267166571431,0.146034650157585,0.0393359932589808,0.128092828498418
870,0.240212035860014,0.218292157562248,0.142987061561787,0.0471867383565415,0.117410544732434
737,0.233815954668906,0.191160825887159,0.160270224473518,0.0618747934302347,0.139192073065922
880,0.23568335343021,0.207942685707137,0.139595583815882,0.0407965162070427,0.196564747999044
890,0.235509607953705,0.155126299219888,0.151053255810612,0.0443050808648107,0.140148112196008
860,0.237854269360653,0.200404660073036,0.133163683078883,0.0439471818885697,0.128839678689422
748,0.232707604829921,0.189168978386814,0.158660889105309,0.0519351697246346,0.100505394014237
910,0.236996070529039,0.202642705021514,0.12542105467092,0.0580400208330597,0.165761193416623
900,0.241177056538341,0.212197837008041,0.167486623172781,0.0651219311583888,0.107442665906
778,0.241516601443742,0.219889617971369,0.161130910596029,0.037559158666706,0.176365677828293
920,0.237667961833724,0.178787565921047,0.144274221495189,0.0264916026332779,0.160034373829312
758,0.240922391363857,0.178846853432254,0.15537066467445,0.0460361686726104,0.166878433753198
768,0.238574991696728,0.226724293561365,0.169236691644391,0.052873885361708,0.148166451894622
940,0.239676630982704,0.195576811029329,0.160775013186947,0.0490424425663105,0.162997031768104
629,0.237142784850249,0.187914346660264,0.131528533772645,0.0577962679693726,0.136226574178123
820,0.241590614594234,0.226419782506805,0.13693825998582,0.0394722519947216,0.136430843159581
810,0.240991312364308,0.186126091619099,0.163353573409358,0.0440037234672295,0.131830076990672
790,0.239945003295421,0.215589706086474,0.139515899934091,0.0398909399039901,0.136150477382792
530,0.236702406331994,0.196311060544633,0.141626488493899,0.0383500318996926,0.103725507181076
510,0.2392731327831,0.212221170844025,0.136637453455087,0.0498014196090618,0.106246755523135
540,0.237772478962445,0.201607978569223,0.150327245347264,0.0474931398391377,0.124233348294677
849,0.234278889170151,0.215425120754121,0.15091440384222,0.049009848465939,0.19534178659961
520,0.237045371785721,0.162784417729649,0.130692685829513,0.0315551789502071,0.197413724612378
839,0.239471147745238,0.210000253552515,0.133971754333611,0.0513638372644523,0.15091706190117
749,0.235850020578138,0.205421985291122,0.144507631216387,0.0440271889953639,0.139965217242066
779,0.235981375127332,0.202716660138297,0.127068610319904,0.0607843864180296,0.145098717468972
759,0.239214210916449,0.192052012297523,0.164979535941823,0.0363787732513847,0.161094307097392
738,0.23914051511741,0.211604347544094,0.111683781866486,0.0526299886423267,0.189346967580291
630,0.236759910940638,0.207240964595697,0.133230981834437,0.0423735866527675,0.131606137087397
769,0.241133768450332,0.227373124315746,0.155626650660651,0.0461016989463896,0.162625432827781
850,0.235803122514413,0.183384535080661,0.128149721767819,0.0401213356512502,0.14263345942423
840,0.237209875790439,0.190762431667419,0.15393362732905,0.0422435864897259,0.140279306148501
750,0.232534141844194,0.20561770921277,0.126928796652351,0.0510129332006383,0.11861598007018
760,0.241788616890357,0.216145722630968,0.157740940452381,0.0414370182347326,0.201857846432349
780,0.232854008063229,0.214049248199818,0.158085775809831,0.0517964582226223,0.141423708203045
770,0.23202314880739,0.196004926566541,0.135549530063094,0.0587305000339402,0.177271663078708
739,0.23792999245021,0.176646728050719,0.144615170257432,0.0533680411679385,0.111079685148173
740,0.235897054494201,0.205695097764107,0.149330663844522,0.0373719597800727,0.111950407601514
