iter,factor(E.prev)1,x2,factor(E.prev)0,x5,v
41,-0.795526122388735,0.0773157213499834,0.620890670075027,0.0511027601288069,0.107088424731453
51,-0.52271622216026,0.0688772834781825,0.250233659900753,0.0535242688707218,0.202306547808025
81,-0.872134403596321,0.0761451353149888,0.570475106779796,0.0513364592101646,0.136564407890423
71,-0.78300462894347,0.0731919857297183,0.428833217943117,0.0511871146474767,0.250301720382079
61,-0.586769429982553,0.0728617733943997,0.613077674688172,0.0504656906123787,0.272063406324963
91,-0.567075510892092,0.0712938342170542,0.358358715285406,0.0526920409019906,0.380004871632574
11,-0.847082937401119,0.0749521489813726,0.637442444791874,0.050091335028518,0.285722074508537
31,-0.710844496043783,0.0706756717209126,0.656707966785115,0.0436607432489185,0.164965898783059
21,-0.523280806934328,0.070541456207674,0.662620154026333,0.0503579230763989,0.201258905664105
1,-0.581751540573043,0.0760672997933249,0.715929151465829,0.0512794197896043,0.180197796935751
131,-0.773510304732732,0.0742928564989017,0.435198768374085,0.0501194183064007,0.166534762296681
121,-0.558448543893078,0.0697325722119567,0.887334534608609,0.048451206706908,0.230323954245784
111,-0.765087754363106,0.0710841236824467,0.478378281910636,0.0518639657549801,0.203443092054367
101,-0.6287144580259,0.0727260562174894,0.770195538503647,0.0471370120271222,0.153952076400998
92,-0.433641844511794,0.0727574242910218,0.772395782202481,0.0496059420274491,0.240249028727221
82,-0.627948950066585,0.0736532511211843,0.922616341702383,0.0472460400398547,0.276087245978594
72,-0.481278820112091,0.0757529086459554,0.736955259978095,0.0522061893688192,0.263342964558014
62,-0.691693642625388,0.0697786756813695,0.240917495760486,0.0567315951464389,0.171774456483403
52,-0.396416486610574,0.0747221097422186,0.932492016319922,0.0508586589822798,0.157688347833195
42,-0.738241733403884,0.0718090461700812,0.445899818497125,0.0515998896616884,0.286070311510044
161,-0.660940007184344,0.0718448664516491,0.573508606437187,0.0565793941253179,0.164074276469867
171,-0.542886910134162,0.0704246132551647,0.783786419226574,0.046337377427224,0.0404330589228107
191,-0.693298969539477,0.071942603320359,0.0673168199160987,0.0630673257525218,0.141433031111737
151,-0.460181045745185,0.073592419065529,0.907064031451847,0.0508894422191796,0.247762741783804
181,-0.38987835693057,0.068770859071248,0.931849153676628,0.0473657511043703,0.142567147202563
141,-0.642528166106245,0.0700056493159906,0.64771401871888,0.0401883431572943,0.135247983999077
281,-0.720879769007732,0.0736821553743288,0.92566136103657,0.0430320950222789,0.169705991112853
12,-0.678184827895861,0.0714706096341977,0.514393056443152,0.0512436847544693,0.205661724418075
32,-0.441936137948188,0.0674770859031435,0.479232661323435,0.0495348093850324,0.24958233987578
22,-0.498600300424998,0.0702480306492561,0.676155737867177,0.0531093331090335,0.241118041467942
291,-0.800464378695916,0.0742499175988893,0.29822832144185,0.0579223902040433,0.253481658667964
261,-0.448568481715152,0.0694360275812055,0.582663817961347,0.0550202470674964,0.12808251877876
221,-0.793420600795587,0.0719360799345832,0.339952818676065,0.0515075264704496,0.20909151262387
201,-0.68479456678102,0.071855536347778,0.637664681948789,0.0507913352969862,0.16250304821077
251,-0.630516243880328,0.0742810860988168,0.740048862385262,0.0498096131002961,0.0553014672620247
241,-0.849711094818577,0.0714465471286547,0.0805439850304004,0.0604898030566746,0.196395584065842
271,-0.596464304731391,0.0740112252638848,0.332224909356704,0.0598276830647206,0.187260396761198
231,-0.601621388052561,0.0693845712023962,0.40752769446076,0.0544599895519766,0.215873891672146
211,-0.553132348346067,0.0693064604397985,0.462862413541792,0.0544074781699286,0.174558257628007
2,-0.708225134493516,0.0711127425928831,0.0952266711405047,0.0643644808103894,0.187995227911619
371,-0.574230206218953,0.0716390629811539,0.346942233854842,0.0585537591584183,0.134463387750721
381,-0.806515650571952,0.0717878852233936,0.598209697482884,0.0445870443186274,0.126057262666308
351,-0.722522628841914,0.0744304241529764,0.742946316797418,0.0481047654099898,0.140649807992037
341,-0.454661164671266,0.0704587635242896,0.599178743467905,0.0528781591448361,0.211196415507158
391,-0.623881367948507,0.073190387298899,0.907375067755002,0.0481419468850844,0.194126275838322
361,-0.452869323893631,0.0738289248843709,1.36241032623824,0.0424955200702029,0.118094989800417
93,-0.774628838530919,0.0738962712120452,0.474778788660878,0.0504725613136354,0.203491590887955
83,-0.41857555727313,0.0673162559942904,0.764531009235593,0.0492064582705121,0.203461351015163
73,-0.567288711421849,0.0677390171797941,0.573952263170034,0.0514309438134751,0.172512881958316
63,-0.742681489031387,0.0723990579537233,0.581151050069054,0.0493588947482475,0.150922827804566
53,-0.605807693457162,0.0716563019563759,0.504945926590852,0.0504803611580749,0.136336837974938
43,-0.821862250072251,0.0750727941964468,0.655139625290908,0.0461857437625548,0.0633909892968166
282,-0.603661370888434,0.0692680297686655,0.388229225169862,0.0547694813410803,0.222089315462199
331,-0.978711451870087,0.0759193176957733,0.547700435663581,0.0489411458337765,0.193815457369804
301,-0.776046970121518,0.0704580838698929,0.166522710323884,0.0603427314303322,0.199153077805469
321,-0.666738816817847,0.0697655670920505,0.844018964705272,0.0465069151792326,0.22939560642869
311,-0.661526627686985,0.0736715814570997,0.907844202439895,0.0480597181256772,0.191520553610224
122,-0.541565069596472,0.0691333950092161,0.59696231930632,0.0480262065236416,0.245221097156595
132,-0.873051962323992,0.0740764990283446,0.406631544038532,0.0540965700510876,0.164727822264245
102,-0.663707469361771,0.0725519501620231,0.554740599706943,0.0495902408013616,0.27276203194201
112,-0.75119062177793,0.0702083557374435,0.559820438441345,0.0484121963140617,0.272047100547877
421,-0.471851496980277,0.0715012044360775,0.463992868764558,0.0563245676307382,0.166002768123873
401,-0.554544777303575,0.0731357046346685,0.0208013636447661,0.0655284689704493,0.202032447203308
292,-0.829881218882396,0.0721753989241025,0.476584004582322,0.0511011385401062,0.172243681910095
411,-0.364566119839262,0.072963664358098,0.778259653093029,0.0551517573691071,0.0686335554923532
431,-0.780095889254367,0.0724066035987403,0.607471808843556,0.0493144497210855,0.177792110292456
471,-0.60200952818904,0.0726788529848608,0.588855889560716,0.0520665809340489,0.20633724992198
13,-0.645338625601465,0.0700657158294204,0.324591517628774,0.0544082142971069,0.134335170837037
441,-0.406771393007299,0.0673401658091285,0.369268834664521,0.0532479981369295,0.192869433216919
491,-0.399180910365629,0.0720832811536432,0.609770498332653,0.0540479709514103,0.22170117334382
451,-0.713405868552857,0.0742474563477704,0.740436459753592,0.0494286410574279,0.0826198155987537
481,-0.464479465631121,0.0675512195418254,0.705907653833986,0.0520291114525224,0.125933308888571
461,-0.380096913236656,0.0677795591313599,0.943388320427427,0.0465904155181348,0.118750727173593
23,-0.357062395008164,0.0679332564927811,0.291241313443196,0.0573606666438162,0.203848196913328
33,-0.418573616840811,0.0704129152884378,1.08943980923254,0.0422179771575602,0.263399584021836
162,-0.626147810601512,0.0699676326568193,0.526509156145479,0.0513301213975975,0.277527331726215
192,-0.369395752280679,0.068593394702935,0.556028764274738,0.0562192459130773,0.238127830763158
172,-0.657440493630419,0.0718982441214065,0.637533067087402,0.0512002878637089,0.271420613992278
142,-0.552997719560427,0.0680569201856106,0.574659687430297,0.0479009075370466,0.0932513634132983
152,-0.497283306455649,0.0705461737910332,0.414289402370986,0.055193188798646,0.174836859524172
182,-0.721708240117132,0.0743204752978834,0.581934706056377,0.0503431108310188,0.213538454682598
3,-0.818328217291963,0.075337465899378,0.442999012622834,0.0552924889816961,0.0454674804992379
222,-0.653343523431738,0.0726453033138811,0.573079758985654,0.0538464387817572,0.271519486432404
262,-0.759361768200325,0.07621244043489,0.320596145540959,0.0593586937115006,0.187308199549415
252,-0.430859771418022,0.0710404839783739,0.955887663623425,0.0501737342496481,0.238289314324523
202,-0.372826935328675,0.069352015404088,0.729245844086272,0.0487195224728776,0.140991643616434
342,-0.772179586456422,0.0738645158858813,0.713979069903888,0.0488682079139632,0.234254541492118
352,-0.568457143610398,0.0726706874066616,0.643932605215324,0.0533704370594754,0.250565760973899
242,-0.759790443793817,0.0775930269022841,0.805664242389833,0.0484919999955241,0.118937900172492
372,-0.568920957616623,0.0689077809135852,0.474958088852939,0.0498963664107593,0.190597977814056
212,-0.655842298331371,0.0719840113826468,0.262338809733584,0.0602041510124959,0.279567866153565
232,-0.678959075848199,0.0720838075012932,0.922380696794719,0.0445099760238943,0.199368348134349
392,-0.444899143225046,0.0714130117131597,0.718573692809949,0.051254524746566,0.21600486039261
382,-0.74311490249852,0.0718164269308423,0.446666575491609,0.0523320044118284,0.231226828991776
362,-0.605202466133521,0.0762493887282658,1.09105611959631,0.0440350241722072,0.296372754767365
272,-0.798428898220854,0.0720737226313783,0.195177300240706,0.0569275606295866,0.270785352181988
94,-0.779106002913135,0.0759831622335016,0.243675600613081,0.0602918570429085,0.360896148759014
74,-0.616742285336553,0.0726053789638321,-0.00261053848789415,0.0662118946169775,0.209562250965232
84,-0.486521979795489,0.074748650869265,0.815327326055501,0.0534766467178609,0.118974314278772
64,-0.508504679518889,0.0714565501486174,0.325124759681357,0.0603811854753304,0.339825687559936
551,-0.662440931110899,0.0727085889705085,0.412945777486888,0.0530771985818807,0.28914909368495
511,-0.665218739854207,0.0739570509210578,0.24197605451748,0.0621008186449402,0.0554557163833869
521,-0.546281755236552,0.0740531552709075,1.0392514050197,0.0467741726696711,0.178115533004804
561,-0.809490938414088,0.0752669282346766,0.429278455619987,0.0547049829021654,0.0468033484771344
531,-0.802276717379694,0.07585033442707,0.248709900342533,0.0600601349975297,0.0916800443935665
541,-0.547180177408965,0.0732524525426165,1.04733595671604,0.0424914010025155,0.0812208136932383
501,-0.472420078373079,0.0739469529302359,1.00140451732057,0.0456733922917776,0.182068822063741
54,-0.917552211228092,0.0740291741314088,0.369444061530384,0.0503044532937339,0.196281488681961
571,-0.732875245741214,0.0766721199160212,0.735459195483588,0.0497936191266371,0.156705448190872
591,-0.823392781038373,0.0754309013689391,0.251790622365562,0.0642948952947224,0.125209652893505
581,-0.717950043370005,0.0707837815278387,0.310192739481364,0.0511488689988471,0.121147918644854
44,-0.905970966937206,0.0730812246859931,0.0852460967117569,0.0608406677531731,0.142523923571597
283,-0.783285594978696,0.0712512387383123,-0.122825060583699,0.0649364029897844,0.153211438575281
422,-0.422502152909623,0.0682180149804406,0.628976361434632,0.0537930261949644,0.204437905954788
402,-0.555958385028698,0.0736011463675807,0.561113342620212,0.0549566176052669,0.140192321950045
432,-0.691486475263816,0.0706247785692757,0.43208462202517,0.0510551639807937,0.248641401477166
293,-0.436244264891831,0.0700412472268137,0.904608069814886,0.0467129486111106,0.277687738299621
412,-0.768628345766087,0.0700561415306594,0.625256104988772,0.0451131739184506,0.293513388943571
492,-0.775256022799441,0.0752004748489594,0.410428680436528,0.0573030298068784,0.204876474154352
442,-0.595008872374505,0.0697654955215746,1.00647104959099,0.0419542036242961,0.193259077258704
472,-0.607118515618294,0.07145537715847,0.49619806215319,0.0544797649969182,0.279217300389865
482,-0.52928368215911,0.0680220203252038,0.211113838774658,0.0605355569787827,0.161581332190284
452,-0.653727174083269,0.0724907190223184,0.532713605391869,0.055998826512832,0.0622513631281605
462,-0.616520448948185,0.0733872557170939,0.313143925363736,0.0598847989792542,0.121098963813805
14,-0.429408913239287,0.0718631532197112,0.52546897684373,0.0571582828996232,0.205851754227425
34,-0.604002905557787,0.0733529675627358,1.05800696919747,0.0427648397810131,0.1677566781432
24,-0.795595409128107,0.0731688239794441,0.469930837473267,0.0499503778522225,0.191656908456367
611,-0.200136202471798,0.070650623928799,0.698675086251112,0.0560380625033786,0.150570384572418
302,-0.75947707584582,0.0702650972409796,0.0136146936308846,0.0579776396483862,0.182686420772865
621,-0.683902162888928,0.0686402888322497,0.548893134397757,0.0529251348802111,0.201237521164531
601,-0.858060554584897,0.0731417949784065,0.0625776383702859,0.062540474334625,0.0876138002367674
312,-0.524641549779048,0.0715026210169348,1.08740074896382,0.0447439758507155,0.125336714956963
332,-0.644201336639626,0.0713054832434177,0.396366138631486,0.0555558481861283,0.2015212317077
322,-0.66808489860084,0.075534642354563,0.611929081708731,0.0559523060769289,0.0692573109313994
133,-0.759171233528202,0.0777603669733368,0.605381660989796,0.055615730234465,0.111277485277208
123,-0.803339752908632,0.0724220317222766,0.298837305430406,0.0565740881289834,0.12527001545489
113,-0.714586230788778,0.0737381214164349,0.434527107605727,0.0568410962080779,0.166335137524904
103,-0.863725423718319,0.0767995773082231,0.582928851730302,0.047938930104316,0.233492192460891
661,-0.526710401674493,0.0728650331898366,0.670875545106819,0.0550641726343102,0.205665575805508
691,-0.61860575082713,0.071286453802145,0.885153309194072,0.0466280723387324,0.217526578402177
671,-0.727249093785002,0.0729994852741361,0.264873642343133,0.057396880878694,0.208550097472432
641,-0.586996723293105,0.0695830683935041,0.656590003396303,0.0480593837353739,0.215528700856535
651,-0.764592164354872,0.0715286871203752,0.465529175374001,0.051148528272341,0.226886804252802
631,-0.346033666406697,0.0691763545778461,1.01041204955445,0.0493188133002814,0.181703720942629
681,-0.747349355404865,0.0760587306094104,1.13970657796268,0.0436687609588945,0.205289606720861
343,-0.789038665751911,0.0733991368351561,0.428388348135516,0.0513094010500657,0.127417596461234
353,-0.504402747163557,0.0737142619176249,0.784597829863599,0.0502203406491866,0.082715241344796
373,-0.673299671524016,0.0716814242534354,0.855156925735186,0.0476000772765715,0.246926385444273
363,-0.6551186843074,0.0724896849983597,0.589449670471002,0.0515010029596028,0.284721053919058
393,-0.479597602066197,0.0709935947822044,0.679964151430655,0.0528882691583367,0.0785647793311287
383,-0.468967573487698,0.0716993795082127,0.550382218793638,0.0579529674760563,0.149782270818585
821,-0.721610428179099,0.0712798360286836,0.415606367898575,0.0545855345455724,0.151490564750525
95,-0.521496146667637,0.0672885710216317,0.619036756759411,0.0502387466509605,0.249133363843172
701,-0.48424357226199,0.0725638008373531,0.768709938106298,0.0486137257972886,0.324247611071664
721,-0.650168006029057,0.0744059474858018,0.5797023520381,0.048783259858345,0.224904417994933
711,-0.603869206197949,0.0731774562409546,0.601970876287877,0.0511582731249622,0.243483757752161
741,-0.411537555655531,0.0718398144967637,0.830084464877788,0.0560231251140057,0.238442989912869
731,-0.837479411065148,0.0744024219796177,0.74036894084551,0.0440242849107662,0.142502879684931
871,-0.706902132931072,0.0715179142696593,0.611600738631273,0.0495945819629986,0.168473454706064
861,-0.690825494796958,0.0710262416304538,-0.0613172466452515,0.0632337300745737,0.128997055706725
841,-0.582192048157796,0.0708621316077115,0.0351962568417215,0.0665574129903975,0.187346314944547
781,-0.670728058746385,0.0713442513886477,-0.0934601208240189,0.064919160748462,0.133295048579223
4,-0.555306868110831,0.0710814235149569,0.82859924724868,0.0453137356204327,0.143400595255739
831,-0.611815505672926,0.0746170924298518,0.895265492940736,0.0463224625905101,0.255323541449072
801,-0.247948289861089,0.0750028703234649,1.26253875706331,0.0493757091403462,0.197163517835023
931,-0.534760375267386,0.0726536429585162,0.756143621964953,0.0482191414440582,0.130514271384991
791,-0.790899889501501,0.0781066939615497,0.812314728837115,0.0488204415619491,0.126917680018159
811,-0.450827914974142,0.0706424077788999,0.391523836551633,0.055602110698286,0.206182099194343
552,-0.982111936438916,0.0769554464465083,0.0227788337261141,0.0605795882442861,0.108364553109105
75,-0.743504445364527,0.073851794306675,0.40882874351542,0.0547265580504513,0.13834601499594
542,-0.662151662781063,0.0726512652695953,0.715262783810658,0.0395617710514427,0.207353049355508
881,-0.590258256118957,0.0741617700324525,1.06171405182174,0.0436106381216857,0.195808934865379
562,-0.247685356668733,0.0719133367595225,1.09667179470466,0.0484090968579842,0.203285945029988
991,-0.900235056514377,0.0737070884504913,0.276680922206023,0.0520680978320569,0.193142200344354
851,-0.635183108267136,0.0723008347043796,0.306159208655322,0.0567372175802576,0.131264748986064
522,-0.45463146907998,0.0711716994207176,0.48349504958654,0.0556653892493022,0.150992794012141
951,-0.634626809527254,0.0692295148587836,0.301141095071069,0.0555181880656658,0.341442971741774
512,-0.608751960352286,0.0750319918991005,1.30907628869303,0.038131424920071,0.171752543477755
941,-0.654763598679258,0.0717166352004306,0.469376610145192,0.0543449994582057,0.167515247620335
981,-0.63170397674637,0.0690504241703086,0.224068570106985,0.0539358637192957,0.127021194127548
971,-0.444314821475519,0.071774086231186,0.589337452971486,0.0568889753543419,0.183400041811054
502,-0.303691248180858,0.0707752218892761,0.951096179564292,0.0499892691992539,0.107822291777243
911,-0.7809823139915,0.0733186988383795,0.161424601919321,0.0619726845623949,0.212800534484573
921,-0.776978658973544,0.0689497063182486,0.078461000209376,0.0524950159511594,0.118783208551027
891,-0.568210209659826,0.0685793220731367,0.492968424792509,0.0508795494182265,0.163621796571924
532,-0.465379978428059,0.0704160838146945,1.10242444985081,0.0419713899111772,0.17541991415207
961,-0.658110370230569,0.0761152953247167,0.875028093727278,0.0467068472487361,0.170474319014525
85,-0.570047320295354,0.071557964926305,0.313244994895254,0.0597333619434478,0.179133340503545
901,-0.621995805553167,0.0744082578510109,0.523444097691539,0.0593991078617059,0.225381739832037
65,-0.590592358767381,0.0721321832364326,0.660571260657189,0.051468776204832,0.124760012985758
423,-0.776012023389809,0.0732297377703365,0.383190795975899,0.0578675281696089,0.234185294225214
761,-0.971048772656008,0.0739993435334461,0.368117883285456,0.0486880820463704,0.191190124985646
403,-0.654254590478764,0.0723203545317737,0.594248651886838,0.0489030550721434,0.16153426207779
572,-0.79728246304414,0.073223916813955,0.832055990705633,0.0430177116491819,0.131216960047077
55,-0.6123319662605,0.0730801700032268,0.597686544973117,0.0491353658489717,0.16320012921968
751,-0.307294718150329,0.0695441694287566,0.786372823613627,0.0562136895354937,0.307494047963508
771,-0.713772970625861,0.0756065227274207,0.260301024797681,0.0596463103192061,0.288752422188728
592,-0.473214565903714,0.0706087599990518,0.747239915999115,0.0545555602988945,0.264093834780765
582,-0.836206778247155,0.0748082335728532,0.472813216484397,0.0558995734978237,0.195517310785104
284,-0.551241192201123,0.0672925343063682,-0.108338823915075,0.0620405249600265,0.118385522420822
45,-0.462623544628645,0.0686357314584114,0.924349891271466,0.0451384160841251,0.167142031498004
433,-0.833821399855435,0.0770771385003868,0.717328598500661,0.0452510563669816,0.223517918178793
443,-0.329498206305692,0.0726495185809973,0.521160981480745,0.0565143703876674,0.0707255448672982
294,-0.52652276896167,0.0699331901739964,0.495112736363965,0.0533472419435212,0.266631763714253
253,-0.623938808565767,0.0735764801288446,0.563796854969933,0.0532645751126292,0.243381183909724
473,-0.778217956738601,0.0733760275841454,0.835903268815159,0.0446159229820721,0.26294996550917
203,-0.545315967187318,0.0718499394042972,0.746625367670946,0.0464950528043376,0.241819727792372
263,-0.552228407963156,0.0738059869951544,0.667127021659141,0.0564696652320743,0.0963691374364872
243,-0.702484082513845,0.0727557824812976,0.285757191979209,0.0566142486198594,0.170380040472047
493,-0.703498214100543,0.0730456557460948,0.520016147580459,0.0518420590733329,0.182772580044257
483,-0.875041944671875,0.0738369447095904,0.289643246585987,0.0531399394164169,0.304158182859999
463,-0.612323587920882,0.0729623041589741,0.0927905103944759,0.0643346423175195,0.1909426988391
453,-0.733598458563071,0.0769880733890594,0.637002913779911,0.0524702059987163,0.0257647646021305
413,-1.00781339680141,0.0760578640213793,0.628706677895872,0.0502717726252513,0.292414288874335
223,-0.570524726434096,0.0722362671597651,0.407257010621933,0.0543929699270294,0.259124763568592
213,-0.62548931559818,0.0750879875235314,0.651126521597936,0.0512552856149572,0.155385157275981
233,-0.496714499920249,0.0725110474448248,0.461119521702783,0.064944120553439,0.225414155550078
273,-0.708870188473538,0.0736594108091602,0.819624828443928,0.0483074147731029,0.118149108210884
163,-0.707782282486402,0.0786839813845126,0.990107622951724,0.046388138775859,0.127260866481593
183,-0.57842251244417,0.0751810932282564,0.375392704179254,0.0626296004799601,0.181776336049224
143,-0.77536571774327,0.0755710166405985,1.03473196997328,0.0399364671834028,0.200328544917332
153,-0.751676626437237,0.0742306816393118,0.0714246793480077,0.0611147030842905,0.135250863919644
193,-0.652885003946335,0.0722681773950933,0.67902609560781,0.0469202619603757,0.183236993109145
173,-0.602362254999225,0.0725333579009623,0.473161050403215,0.0557698316302089,0.166835782747385
612,-0.484322340312023,0.0733397092984553,0.64423795786132,0.054759120749291,0.120804899152498
622,-0.782954917572075,0.072825278783268,0.273430487020986,0.0577628589177503,0.165469973375206
602,-0.521328842051338,0.0746816123223519,1.06925267024783,0.0453153108264775,0.188553164416733
15,-0.652057027113885,0.0676652970094132,-0.262757986337687,0.0668111090418384,0.214395558316004
35,-0.63317369202433,0.0684621110512425,0.0507889768372238,0.0582770764638951,0.153121947000167
25,-0.371590637773557,0.0686849925808307,0.258885588301143,0.0625006872064302,0.243815918190772
344,-0.587690935531275,0.0706698102892979,0.645572091601609,0.0507701857061984,0.273040670902091
354,-0.942935560106352,0.0728815327013048,0.133380959680424,0.0585094864578804,0.212251091512301
96,-0.491487906565797,0.0704572555285435,0.862867978137489,0.0463880536652807,0.159743112418129
822,-0.730005898882932,0.0740902152570817,0.771753893589468,0.049072120241905,0.174974225940869
394,-0.558546550493523,0.0744724407195618,0.448760611123757,0.0579182511314535,0.301805974863583
374,-0.664770486209339,0.0706382185375261,0.285229021236941,0.0553422510912978,0.0971466119074518
384,-0.606065372299151,0.0725871805056122,0.539702751965397,0.0531753387010098,0.108819171087174
303,-0.616848007062683,0.0733924042853757,0.451667830981266,0.0572153996613934,0.178928470460603
702,-0.668429141945918,0.0712839706593317,0.688551687747213,0.0505181950493706,0.233109050254653
424,-0.559206142976839,0.0686591606743249,0.294863152598525,0.0574893934479585,0.157045365733935
364,-0.750287844223298,0.0725448240647373,0.642545268287904,0.0450758971199634,0.194932866351121
313,-0.70673258155497,0.0726669264855157,0.356124820635026,0.0506375965619886,0.121062155108945
742,-0.619973803868732,0.0720734973593941,0.515930717551296,0.0570994636359784,0.246564471447625
872,-0.765211787235367,0.0720175635699453,0.783480411296675,0.0449284752456223,0.114506984359375
404,-0.794191485398958,0.076912057041553,0.433729805648366,0.0546786907791562,0.158675586931384
712,-0.785595493644049,0.0752329501033082,0.594978561831359,0.0476160142960297,0.228061103423937
722,-0.807582468354355,0.0727522532361516,0.32550769419324,0.0528170288705647,0.105494334403284
732,-0.456533643454502,0.0689315565208543,0.679294866822538,0.0526758048835692,0.180858231291017
333,-0.427954523865939,0.0684955267049066,0.641549735860836,0.0503149029959184,0.228132116352615
553,-0.826861105656384,0.0757168806093393,0.316528986889176,0.0555311591020321,0.203329097915931
842,-0.790046366408778,0.0738079488848112,0.36018325330623,0.0546061112261364,0.0750928807830134
862,-0.576658672976435,0.070128350280387,-0.0662615770797943,0.0661373027241993,0.220238627363209
832,-0.57515673544896,0.0722927639700416,0.875137543310546,0.0473525544416816,0.179943565330012
134,-0.988367275797864,0.0735095172260012,0.433040518878287,0.0498406560940131,0.167644252879945
882,-0.814592491642428,0.0749348626511792,0.238656205145613,0.0593011691285135,0.227603122723734
76,-0.285218798510026,0.0683473975187147,0.983676510938375,0.0444008971037219,0.113374576484422
563,-0.810293804054493,0.0741046498334329,0.473150374322674,0.0493442125911534,0.265219684106629
523,-0.424780013045433,0.0688825706237637,0.68964457377279,0.0558828277579165,0.102927909984569
543,-0.496972530700035,0.0692040415572655,0.621312379218097,0.0497786802709583,0.150773099908318
503,-0.961062301921207,0.0749440363302241,0.693530994837968,0.0412542319036015,0.201409225271355
533,-0.72425915593667,0.0747309433813553,0.514805433873644,0.0555489845456301,0.207806018753932
323,-0.692033870632581,0.0708285191839773,0.639059497654628,0.046719027477181,0.119639428333638
513,-0.443875033562683,0.0721488306164583,0.765720431215444,0.0557709201160131,0.146550434884885
86,-0.894280715446014,0.0722442682334359,0.0939359643186156,0.0604566334223307,0.118813524026838
892,-0.456546561035295,0.0692205205596717,0.798101334353772,0.0468623680723195,0.232107409796588
852,-0.649123067771614,0.0714266746457409,0.457410529140011,0.0535975625135996,0.176720254403032
66,-0.628424112312598,0.0727150510635259,0.440370917604859,0.0525566027047353,0.135113820215156
782,-0.650315322791556,0.073399486077052,0.871550758034662,0.04848023584931,0.23747281012606
124,-0.623578286936417,0.073343034385193,0.707467947355946,0.0517180000319778,0.154910437054848
573,-0.498931361783977,0.0723588418537139,0.324752898811797,0.0599850078354778,0.27278226472557
114,-0.698320397128546,0.0731762750194542,0.143592344980203,0.060285177537033,0.183955469598184
802,-0.261615572496286,0.0661829222833209,0.740353303532335,0.052777894003207,0.206465542692268
902,-0.628899897621475,0.0731537192213264,0.753508095052584,0.0483115795804384,0.0717979908789623
812,-0.420771221019426,0.0705047578925534,0.757051547132419,0.050436301605365,0.185179341326858
792,-0.35053316655114,0.0659599728819346,0.734551183472248,0.0490629215355154,0.281293784219316
992,-0.914605269380423,0.0696822772831458,0.242193503374911,0.0544089926788705,0.355041597968017
932,-0.550214143347565,0.0735147897531517,0.678002254891308,0.0524362023367438,0.0837836936498272
912,-0.773405208973018,0.0746974574465227,0.263846713872305,0.059582879004038,0.13522674018948
56,-0.625261642814898,0.0713558647000265,1.00113665259272,0.0443759823710286,0.190909286519569
104,-0.53047632733608,0.0734086876226611,0.967279666216612,0.0496818827137134,0.139756502061636
593,-0.452404585658183,0.0728528535466835,0.798825558178096,0.0484839267749118,0.163141327393717
952,-0.219650378548756,0.0699001512478484,1.01444501773509,0.0495396591686663,0.143357190440031
972,-0.705429771162855,0.0730901551470243,0.184943426852162,0.0612677953541826,0.13077465683493
942,-0.735689083444287,0.0695447359098675,0.428619770339669,0.0549709072019973,0.0755785673940053
982,-0.972085702895656,0.0741278206794455,0.0494171744037368,0.0608635080268349,0.141566609102876
962,-0.577006212552906,0.0748029466258893,0.82182881951277,0.0471130773480419,0.248221288923649
922,-0.686960448515464,0.0717734894913609,0.596320519782405,0.0516839545824963,0.198425517557095
285,-0.618778320558625,0.0701074133386235,0.788480235836835,0.0414667343983852,0.219719309750352
434,-0.625997104024212,0.0722363921013719,0.784309567935695,0.0493105325456554,0.217846826999854
5,-0.777572127689756,0.0726894113690814,0.675304411687397,0.0452254747260032,0.132525874958998
583,-0.531814477195761,0.071967463745431,0.833981513598008,0.0474245520345,0.193355900509265
46,-0.917196727694921,0.0759524903679405,0.384422146410252,0.0515972165049667,0.22182128434126
444,-0.840002196070458,0.0729921289627667,0.11192462651743,0.0558702560112468,0.166677501418012
474,-0.862009983189364,0.0704751255462683,0.332670606152083,0.0488187719130235,0.197017435124424
295,-0.473106121712357,0.0705723760474888,0.317032204123097,0.0568410641773242,0.197452501215605
484,-0.697536227828312,0.0724797438763475,0.995701123688407,0.0436758627712577,0.28927011602846
494,-0.722791867623057,0.0758532523161523,0.786281448002768,0.043633913360024,0.140637087950315
464,-0.663358308788448,0.0758067720941763,0.816148600681702,0.0449158094227044,0.141846022996721
762,-0.259521556289581,0.0683371159034443,1.15608169721834,0.0450514265888914,0.192981258562951
642,-0.790781304322791,0.072309910736308,0.312322372891488,0.0558502910727399,0.17032172298897
752,-0.464321421454114,0.0720882644749316,1.11445787122431,0.0443749635605274,0.238902267507289
692,-0.512658546342074,0.0737019925871749,1.20460995067271,0.0416621199874011,0.18427039621486
652,-0.647191525940352,0.0751312592181685,0.154358606142343,0.0654079728880357,0.219252286671026
672,-0.425012346516402,0.0714963898584269,1.12283129361356,0.0480249895734204,0.157750631803548
632,-0.602463969014352,0.0714582521292552,0.693772002198382,0.0520161339755237,0.236121993902845
772,-0.523623231247738,0.0666895272657538,0.758215043998647,0.0459506078494213,0.212908613809675
454,-0.52601745239078,0.074862394844792,0.814286747719727,0.0508918059991082,0.152911243095861
414,-0.637504944966635,0.0724912663758688,1.02190039000406,0.0420060311868485,0.227450018855737
662,-0.416826977459263,0.070378847830948,0.652261751401939,0.0548993619100918,0.204362032458008
682,-0.560377015469404,0.07054290030295,0.602975687977152,0.0518127057222154,0.137190355655502
613,-0.561193994199153,0.0729350950278221,0.642777001397967,0.0518914431970262,0.22632247577942
623,-0.505135383429999,0.0727788324314161,0.745420803788113,0.0504285175745191,0.203816871141061
603,-0.629487007661037,0.0746615586262081,0.773636531550012,0.0520172940036278,0.321633254976211
204,-0.679578269585114,0.0741017839530407,0.59374340608229,0.0542585709602657,0.122257946893693
264,-0.640722973374088,0.0714127748283073,0.569713072631314,0.0511449170399922,0.14407113110043
244,-0.778606270775979,0.0703810526833739,0.514031021745694,0.0474174251864281,0.181637962031694
254,-0.486207923358838,0.0720570908271591,0.223103046489764,0.0633770683947517,0.0700504344154562
224,-0.574141196136657,0.0695527696831415,0.308586847577997,0.0583371562213688,0.162451609240831
214,-0.745088965621814,0.0757856096093335,0.909430059026041,0.043264154527891,0.115275057647312
234,-0.872157536703468,0.0740760663988913,0.276497242340233,0.0564518690263035,0.269992461142975
36,-0.772932844573931,0.0731172773267654,0.306432943152363,0.0527952935115772,0.204486568599111
16,-0.583336897433909,0.0726182984415766,0.677954916731664,0.0544725924413981,0.111689221752027
26,-0.634634575117832,0.0705466258118936,0.47120966028821,0.0533836992952873,0.111611234181222
274,-0.496914775238849,0.071140082975214,0.479154455613582,0.0559475305686924,0.270513743245048
405,-0.537114158793297,0.0750004880173183,0.545784884003562,0.0581699792045529,0.14269609108492
425,-0.250342880651713,0.067221319065683,0.704133637893059,0.0542493065216551,0.229492133004093
345,-0.531060754042909,0.0719846548522801,0.665771961861772,0.0501877303405703,0.246374838682944
97,-0.459548401254256,0.0691016505019557,0.40683148725479,0.0545131105262158,0.246115368020754
823,-0.602071184513664,0.0699896551120283,0.585448055030588,0.0494791922584827,0.140897761387462
355,-0.78803326280585,0.074180898330395,0.683609142798223,0.0511656663713973,0.180047216511897
395,-0.526838826673896,0.069503786303891,0.513340679690014,0.057123449667659,0.151566531227593
554,-0.572470979151666,0.0715343402928523,0.418636558849288,0.0606376234040951,0.209339394861193
375,-0.648812462516322,0.0695252601334959,0.329064499417143,0.0528132563249067,0.206356089441456
385,-0.580723906203563,0.0761800077200646,0.910657685780261,0.0499944478774958,0.219694245926919
873,-0.800750078087507,0.0753365096042854,0.498911686263111,0.0534036830343364,0.179429360412279
564,-0.659905775150164,0.0740896325824798,0.630828215791265,0.0511024986620159,0.294610121315363
365,-0.675107869158327,0.0716632116171138,0.368742769039453,0.0541687558396325,0.223394362914084
524,-0.729275794640033,0.0736307643584921,0.540568378184899,0.0518705089437984,0.246988800865206
504,-0.590532245552566,0.0723281690873444,0.397834741769908,0.0552477061878799,0.241077824624488
77,-0.663920449416099,0.0733706694878474,0.679519100743972,0.0539318465216793,0.214849270663223
184,-0.662565497943306,0.0755729216724804,0.48845061172929,0.0602357277596719,0.172994621959721
544,-0.658110423490993,0.0734475904159592,1.00039971401945,0.0422795784290983,0.124851389043202
534,-0.755326972358783,0.0728771587949765,0.396279552945323,0.0557606304151452,0.264012634900612
843,-0.592721362566563,0.0725969226507323,0.289752617160224,0.0633134649908806,0.129171106495494
723,-0.840925369498661,0.0744688290184917,0.487136821983237,0.0511091821898347,0.132855452819118
703,-0.78574604744852,0.0725600683124778,0.85051544509853,0.0410402260105641,0.207140144185156
863,-0.688835205856462,0.0721065943511309,0.402873914232574,0.0537238344420773,0.106116507693129
743,-0.631237445350891,0.0733137402636913,0.279069732995013,0.0560105426537103,0.170129161160331
514,-0.497817077273806,0.0729874875330883,0.385842567824495,0.061391923259313,0.271013595221691
833,-0.878530614761267,0.0756939159011806,1.10246332589271,0.0369307803840902,0.233120712251369
144,-0.602495114237859,0.0730244902945282,0.845956644847045,0.046221784911891,0.252639800045094
164,-0.705213496196324,0.0744532750265983,0.281102282873959,0.0609390943008716,0.093715460280268
883,-0.566088993971732,0.0720231808424275,0.800761750691779,0.0495897413947263,0.133068864012452
574,-0.576267651737646,0.0730577130648327,0.80174542583562,0.0502366154338383,0.205200367599934
154,-0.706690130524569,0.0724952754275344,0.680349343579011,0.0499297792878726,0.287375697850966
67,-0.58333921254036,0.0715527780744023,0.715199503328791,0.0516734517892452,0.252504962310773
713,-0.498444338653656,0.0733329927283163,0.911627371303344,0.048367304766658,0.205108391820311
87,-0.684795731543139,0.0730629873319145,0.0500378443389939,0.0602857300151173,0.167648827054144
853,-0.567978099748517,0.0702119266178528,0.591846890728709,0.0547230762749225,0.318023549909595
594,-0.638171396758335,0.0723240638858429,1.06877545985428,0.0444267042476644,0.214645132187502
435,-0.400908766160413,0.0725371094737029,0.578157055608737,0.0577172112205549,0.169036309468634
893,-0.491309928166891,0.0735534436960885,0.752281049759439,0.0505441975938023,0.0726880788335255
733,-0.363255303262201,0.0689005303926872,0.432336005159201,0.0597436083061656,0.120123156968503
903,-0.192370073623589,0.0704973843925459,0.866263061605345,0.0561509585605384,0.22258957334264
57,-0.412733412713828,0.0676791599432138,0.390252171741168,0.0546134151544926,0.140484124836421
194,-0.88464041776708,0.0754989508925334,0.507696773462121,0.0534270849374489,0.0671362781460074
286,-0.716441582060554,0.0715595650829409,0.498095576319632,0.0512533382013144,0.147362946341784
174,-0.665534875026125,0.0752966023702072,0.604206338079367,0.0504585021623976,0.145841258090936
913,-0.620104963222953,0.0738175036051861,0.908866149008828,0.0426920157333075,0.176539161097232
445,-0.794156929182516,0.0716461253553989,0.114971683147276,0.0595878690602916,0.193255017932402
475,-0.297211581237503,0.070578634518299,0.384115971039332,0.0629493685011923,0.146493042176571
584,-0.493099906568462,0.0717492777783827,0.807388539074926,0.0494601621793075,0.108201602290609
296,-0.506158617708748,0.0695226322135658,0.325825335749866,0.0585304794044838,0.247686686553284
993,-0.780867378582205,0.0755457599763622,0.654694119575967,0.0510176196261481,0.183617896356147
793,-0.396078552764539,0.0690669259170355,0.404261725614232,0.0608606835674297,0.172830650933949
933,-0.650437495384891,0.0740748972883725,0.41018748215658,0.0589956968902911,0.230802234358859
47,-0.38007415936167,0.0705458271375204,0.754865736326526,0.0538952254216807,0.237394608097546
485,-0.947688327720256,0.0743304059580631,0.564275249015924,0.0452884358051922,0.13779972851938
803,-0.682980181708882,0.0680470871613675,0.3709793853522,0.0521920322073217,0.187352265493252
953,-0.497690434342337,0.067146834229435,0.414174116879312,0.0605692939867521,0.197209886901029
465,-0.514254515540412,0.0713400243265692,0.688671029574642,0.0476433248917111,0.201795553254758
923,-0.675908196974184,0.0755474695373879,0.512631821586528,0.0541160451554697,0.163990701581963
813,-0.553993415602296,0.0740466088818949,0.770253814071395,0.052117592960408,0.17736309669266
973,-0.584242395341265,0.0728687940236309,0.745443043243606,0.051400233919592,0.314341582042231
983,-0.719952734202656,0.0721641663007112,0.410070283112338,0.0554790212508459,0.188046048600038
495,-0.670212447721598,0.0728306067702045,0.762284555842852,0.0468662627055012,0.261158089396559
943,-0.70606657672612,0.0753904354745412,0.554690475496391,0.0555901574108361,0.209797555163208
415,-0.481430308805314,0.0722034875676091,0.516319064971317,0.0571615568173254,0.147535352172843
963,-0.633552934959327,0.0752599706757173,0.259082959932125,0.0638472376994102,0.272990190235026
455,-0.441573977276493,0.0716320028816845,0.67807547733422,0.0542151653796012,0.197392198844082
783,-0.606813676361889,0.0709370395618017,0.560323943152062,0.0479153067785139,0.19899391430559
6,-0.992429634246764,0.0766316429564087,0.333089174785169,0.0555510390040162,0.157804470719469
314,-0.771956042293729,0.0728923649032827,0.354995551057923,0.0520031458856648,0.0625149906874919
304,-0.534550274048695,0.0714123494050315,0.509955772738564,0.0569150388825612,0.218199746811734
334,-0.490477018390535,0.0746118525808657,0.4121167899303,0.0615657855979695,0.284247197080111
135,-0.628580174861351,0.0675089753039255,0.339508900717179,0.05458142782444,0.252692533163738
324,-0.304787616430999,0.0688621702202224,0.680855533491607,0.0564474895745739,0.252073048430618
614,-0.304773859657563,0.071422636757516,1.32289157320055,0.043387843902178,0.186155527087725
763,-0.763165425371438,0.0740351018158461,0.390877588205738,0.0554128574478938,0.205451604005419
125,-0.722688015180602,0.074765147729538,-0.0661343385168526,0.064703194455807,0.230191903087959
753,-0.59815859857093,0.0701121033577784,0.424054850138045,0.0576489483820136,0.23090682152199
773,-0.420203991473385,0.0730493825708317,0.680787037566649,0.0558436018556876,0.180812633633353
624,-0.577875341152241,0.0703349859040478,0.738570930753381,0.0466998866414657,0.23214012383179
115,-0.678883398804943,0.0735075378523757,0.474636047952189,0.0519923114217175,0.166816732071522
105,-0.843196628232125,0.0764729730835391,0.505996519906881,0.0546783749351578,0.167320079803176
604,-0.509617559755503,0.0726589504505523,1.12969205674047,0.0430845294773381,0.242009210751544
653,-0.725078119123321,0.0718414840374458,0.460845633818064,0.0521544135316661,0.175190332923921
663,-0.636168968890564,0.0740184465266026,0.548930975000086,0.0483982868008391,0.175015104022541
673,-0.634073292745985,0.0716819101604833,0.315217470701517,0.0598335254260901,0.0883047217124501
643,-0.854043058109233,0.0755998358684774,0.332519181680964,0.0554433208281375,0.174155231582739
633,-0.677822385290612,0.074636556312309,0.917332340664827,0.0445458342860895,0.346448728456902
693,-0.733729055429108,0.0769147000309869,0.574582192002831,0.0551784769281847,0.1539276634055
683,-0.628359455382307,0.0726297435395851,0.618429482942392,0.0515892666568171,0.107940845111155
406,-0.482605963021789,0.0703869276647539,0.926529885996277,0.0457069852200739,-0.0417429742406287
426,-0.636877844566541,0.071884381907755,0.952313060739968,0.0454658652059747,0.236157156284938
356,-0.580419403893064,0.0717423166072561,0.228848754620423,0.0613252920277531,0.234361664953812
346,-1.16762471285187,0.0777458736580953,0.301183955277455,0.0523372320499062,0.17439948417604
98,-0.625009886816023,0.0698558036944919,0.337295678985853,0.0561512779302761,0.0685314503942447
396,-0.595120974255701,0.0742103882772593,0.727564297630592,0.0496715431134536,0.118366669567369
824,-0.633169489298007,0.0738058173347192,0.651199061000974,0.0491569444239423,0.141967903208322
37,-0.774757972828039,0.0744618337868349,0.247612090680078,0.0576395924873418,0.297945409616835
555,-0.576658899527932,0.0746682764237382,1.00349473961809,0.0424775860730462,0.096456149445686
17,-0.412829239714278,0.0707638311722655,0.25988952860985,0.0659358266413962,0.233549729995385
376,-0.670391866175628,0.0737537330271424,0.477977710343973,0.0549236174733601,0.110079427756855
27,-0.445447567106922,0.0747126184443159,0.485182930889768,0.0588728584786116,0.248265623683309
386,-0.580771925771935,0.0742432537198495,0.542889857255089,0.0544235129427519,0.247535183273144
874,-0.527109995409879,0.0698133958170618,0.290117945543102,0.0606198227305791,0.14069944532668
525,-0.748338012610454,0.07207874153323,0.308073361448209,0.0556651610569807,0.299607357283473
78,-1.04618626771986,0.0776427876703305,0.214322120486738,0.0614718868263651,0.111187448164986
436,-0.439335432148859,0.0725076489680657,0.561864967522018,0.0610432210565007,0.236111394899726
505,-0.957191168974105,0.0765136737222148,0.183608495917336,0.0612161535379006,0.268252218565265
366,-0.756941105786538,0.0746166048621892,0.521340700646361,0.0528059572608748,0.155954159665903
565,-0.527239873787783,0.0755078506247319,0.466291901151397,0.0647657780323439,0.185719560352441
844,-0.449218143205763,0.0688153590492507,0.928548415135599,0.043657838804869,0.0272040453998132
535,-0.64608053814963,0.0730724780982188,0.918837439862283,0.044653406353013,0.231428715992627
884,-0.69320977930637,0.0727872733380782,0.475174627598617,0.0516051045592961,0.122636470858238
545,-0.870990268941564,0.0765185431586673,0.762433259202583,0.0468066508411911,0.17031789641268
864,-0.720069471488812,0.0720837968017698,0.368068194162116,0.0532388872040115,0.0349922791469823
515,-0.483585323497246,0.0715577419962702,0.61973633186488,0.0527386025616633,0.183983690080413
834,-0.760957619471117,0.0753335215146566,0.66872805853437,0.0477054038689022,0.19564163534636
68,-0.554404914515549,0.0705801669077676,0.440680528129558,0.060166491037831,0.174921121141909
575,-0.383449324851058,0.070346511889417,0.922834242615291,0.0489173213759737,0.187335451050411
88,-0.706704033929242,0.0744573415446655,0.48614950615478,0.049266491116695,0.146348208360079
854,-0.542193034668268,0.0718215537080565,1.02201014969247,0.0371941207304038,0.118735026410717
904,-0.560271400052196,0.0692995863618963,0.56552484343285,0.0507220670543867,0.109050768064773
446,-0.399238571224478,0.0685617412997966,0.605919801753226,0.0565104032686728,0.241348223092669
724,-0.680965916425214,0.0734491987668824,0.233624504431408,0.0634009926038091,0.251873375272038
265,-0.530156927100557,0.0694037005997743,0.196539274772335,0.0563513405668583,0.142346185517373
287,-0.588342070891998,0.0751461331932066,0.378280868199633,0.058782409368945,0.0570027694340759
894,-0.34085800750574,0.0703165594856562,0.589157714846302,0.0544568177481534,0.353711569991039
297,-0.693971358834552,0.0725158557860844,0.723430123183835,0.0513062061470012,0.0815275246708413
476,-0.354013591711058,0.0680304638177842,0.834386199495417,0.047939668936122,0.245867753617357
595,-0.790266945867248,0.0721016051532054,0.209328988541529,0.0575301645850489,0.164697827960066
255,-0.655069535433447,0.0720153401801831,0.418186889583195,0.0533908044666289,0.150507068593249
245,-0.692427531780688,0.0751465165656332,0.739553887290506,0.0491954997364951,0.0959520466347508
58,-0.805240332759406,0.0726717013918817,0.709825073570213,0.0506816654536456,0.137644757050198
225,-0.612752495404384,0.0746830969637629,0.158119592379036,0.0664222539545458,0.23388350577069
205,-0.78649099529613,0.0717694160056406,0.515760337114419,0.0466645119642876,0.164168670967729
486,-0.859812910674717,0.0745227518057274,0.346919208319177,0.0561798238836865,0.32486233222549
744,-0.65752447273132,0.0735822965542573,0.331675753611374,0.0588551421855621,0.336690514733253
466,-0.659786349569242,0.0724204883613575,0.932154894978198,0.044803047758594,0.243064392453354
714,-0.691828820337088,0.0712032385537734,0.209223318499754,0.0594398626001022,0.168829217988726
235,-0.576653465119104,0.0729517919137818,0.588279623342988,0.0517425532045282,0.207498627304781
914,-0.816110846800473,0.080058855496264,0.461887616335347,0.0577482417106899,0.301937007132971
704,-0.841356637771783,0.0740275107894243,0.629627768325624,0.0502417633372519,0.0967663390438968
215,-0.752288523991893,0.075503786776037,0.774285949256785,0.0494049504615453,0.173960733518193
496,-0.473482184365262,0.0718718017025499,0.935049412994466,0.0476715091716967,0.0665129889772289
416,-0.596570717124059,0.0717526248749964,0.32288918720055,0.0608604540929812,0.183332148967372
456,-0.646226663249279,0.0735443709612696,0.446770878237107,0.053484913842764,0.0995293654550194
734,-0.0411229265140246,0.066236172888375,1.23871982064581,0.0460884484137798,0.165435364772208
48,-0.842538830438397,0.0729292064100885,0.298884104829004,0.0541235058071311,0.238818213726944
994,-0.885904243158568,0.0748933142230487,0.174637145542523,0.0568285291384635,0.173958586653833
585,-0.461872451674838,0.0739926823621259,0.593141576998322,0.0613065875895004,0.228274463223797
954,-0.451931010470674,0.0663320289549076,0.229264376206506,0.0600821490584526,0.0963653470789011
984,-0.595741340397355,0.0706124985328619,0.602856753645937,0.050549075004104,0.235322700305839
275,-0.706081253393882,0.0704915695025685,0.2402750595514,0.0564872430359152,0.269105704783312
974,-0.217333796353923,0.0647219993050315,0.154102096138603,0.0625166503215901,0.21768510876975
924,-0.381089654925821,0.0699573225956739,0.514424503794345,0.0544598245063596,0.255809150614397
964,-0.686304044170132,0.0739810019140739,0.488506040904225,0.057169224898715,0.227179047895732
794,-0.46317790679474,0.0736294023465382,0.168205472140324,0.0691889140489124,0.114702637281994
944,-0.537742809422368,0.0719992192979368,0.480832781895988,0.0568100417217764,0.257672915803196
934,-0.475011401407281,0.075124927056999,1.16448079785026,0.0443222736738594,0.225443466107594
804,-0.684748061829613,0.0747346862038361,0.760560281425502,0.0491736311987225,0.148149732567092
814,-0.61046182886729,0.071785409979038,0.675089180287984,0.0503431252172055,0.126961233570964
784,-0.764543885530421,0.0735457655198762,0.185263425184073,0.0625423657598437,0.16150738387097
615,-0.651862137657927,0.0708300429903117,0.0995453109260139,0.0626443857416172,0.125650445991973
7,-0.33696495179923,0.0705384636384309,0.779510598860278,0.0513186719751874,0.203085836909866
625,-0.732357612962336,0.0681959929688277,0.411885920131628,0.0544154399971584,0.116776795766138
605,-0.806995407476955,0.0751455890982538,0.392069553061115,0.0553000450252824,0.28508866128884
407,-0.590858170242818,0.0737303010315065,0.513049968857186,0.0521469206809424,0.109448506029768
764,-0.378455662407258,0.0685882865257022,0.488413577848045,0.0585589950073945,0.308985399872886
427,-0.606805329809937,0.0735229549243791,0.350219272660227,0.0612166676651231,0.206588185600748
754,-0.685715103483569,0.0752377008410823,0.694300912042716,0.0511410096773602,0.0690589064918832
185,-0.536425188180961,0.0748755986106506,0.724448955610486,0.0559841342897723,0.108468486210088
774,-0.415176759202491,0.073055700403769,0.919486179375772,0.0530868885075619,0.140419968304927
165,-0.599267742489643,0.0708482677803085,0.831231703909472,0.0483329807944961,0.177547493034531
315,-0.693271837785105,0.0726342311834293,0.559912255768322,0.0550284098374109,0.17893761351137
145,-0.776826787423297,0.0742942508961777,0.660601575984543,0.0525022300119919,0.21396704291347
155,-0.680039272137442,0.0725113931268262,-0.0924869489907259,0.0685531034389021,0.212241816099743
664,-0.668111356717319,0.0761420520338682,0.693199986256541,0.0562436398562625,0.137737730864439
136,-0.698023378270801,0.0714423417332732,0.211222286230465,0.0537487446287422,0.329297851560585
195,-0.565304208740328,0.0745538892631184,0.819795618092654,0.0525715178187108,0.0901374069805635
654,-0.612506770368666,0.0740306638969243,0.369487745384163,0.0597428203553004,0.130344590916114
305,-0.818082353910457,0.0713892322519444,0.832484606340773,0.0419300638890739,0.18036385419523
175,-0.578964705773754,0.0696520597275678,0.544710615829253,0.0471937102153318,0.168100023107555
634,-0.505026063560588,0.0730241259500036,0.72872959386437,0.0526315655778566,0.313878786164281
357,-0.642833141785572,0.0731128974541083,0.504719499209842,0.0531636634965574,0.0841534588964103
335,-0.985883984667801,0.0751413856979759,0.33800370563334,0.0553018082338542,0.189282559580742
347,-0.225793685299086,0.0744254521035433,1.01595928958758,0.0544102222394984,0.231351786267268
99,-0.716739498515039,0.0731754781448667,0.371391011054024,0.0544935149669729,0.133821805374756
694,-0.630106054000578,0.0700675233471241,0.495530458253079,0.0542469722452282,0.163803704790188
325,-0.522651459917813,0.0712746417927389,0.519577386763542,0.0549725981699361,0.288521347366634
397,-0.493282221108093,0.0678753045026238,0.623632938656044,0.0481117325597856,0.125954373475525
674,-0.370119761635383,0.070242254470065,0.480340040910518,0.0567930376297871,0.172070331300898
644,-0.620660188173673,0.0705519107506765,0.244445025295059,0.0644791311569682,0.197408263331769
825,-0.45915758796933,0.0694524170025008,0.736350863022775,0.0504789527380416,0.250095874812445
116,-0.326572191144897,0.0678798658354533,0.820319972226509,0.0490172644827602,0.22361104643523
556,-0.59978793778123,0.0769803968023745,0.557899585842883,0.0594540794073945,0.195031308779111
126,-0.817748698142292,0.0768025773426697,0.278335626067949,0.0589445610310976,0.334735980513618
106,-0.863961729527377,0.0733960814730858,0.476257399187408,0.0516843411023694,0.121667119585939
437,-0.913552245787319,0.0775844515964308,0.727503829435138,0.05114546415421,0.146218114471928
684,-0.858831825828436,0.0748831333084669,0.28752275679728,0.0548569659642969,0.0217438318436353
875,-0.595623182751716,0.0717061821604101,0.647614828340389,0.0488330048003199,0.0842374177524362
387,-0.54164095966023,0.072742301424486,0.718779705654426,0.0491410789436996,0.227548228776911
377,-0.629086464613811,0.0713190682503791,0.145564417067977,0.0589545643021674,0.184831433647349
526,-0.465181976742307,0.0729989454169033,0.213337154197121,0.0668350940240226,0.170692499993904
79,-0.344869122285664,0.0700638064107692,0.804723795443918,0.0502011067891668,0.190777086086215
38,-0.68020497246236,0.0732455674613712,0.571375069770969,0.0531513927614035,0.112536729867788
506,-0.782160288146821,0.0720666882024402,0.105623331174701,0.058395276816138,0.185539371239533
28,-0.734649769555388,0.0706254395526415,0.50232544530556,0.05371123190002,0.207260465983267
18,-0.824874418797452,0.0774399516969294,0.432358688019349,0.0576357620307953,0.308564876087702
367,-0.763242906602181,0.0734868484116781,0.536300024459993,0.0476887580201139,0.250051878927337
885,-0.592855272169892,0.0717691170595061,0.259095249312158,0.0581470700850808,0.259090567802795
845,-0.568483870327522,0.0708533463535672,0.314594524131993,0.0584764926651412,0.194750992298423
536,-0.370780286166546,0.0711242996349248,0.552216400553652,0.0554166363054344,0.125282978189237
576,-1.0080559708891,0.0791106524549502,0.561677322287712,0.051269557173356,0.212807740904508
566,-0.684291475690077,0.071943499430822,0.339799797036685,0.0572272937525716,0.228768193681807
546,-0.682047684042818,0.0768970613557039,0.543757758224355,0.0547148001067032,0.155054984689115
298,-0.637040548210653,0.0734315701401968,0.748623848408405,0.0540931092080812,0.14984915098381
516,-0.777762390211432,0.0718482434305503,0.245278231659344,0.0586903085601308,0.109859042800439
447,-0.761757947319686,0.0734490913709314,0.320454387998132,0.0576504896155516,0.141787697792436
69,-0.475323072387649,0.0717730192778759,0.576422324828658,0.0559148436742412,-0.00873553054853701
865,-0.430075809660049,0.0694754179186014,0.670173519464395,0.0488621603407773,0.121955712816976
89,-0.51149538550065,0.0696722111999455,0.402904039239418,0.0583823813295132,0.102052923173766
288,-0.833902103295769,0.0747968112096249,0.720326706673513,0.0440608091997747,0.254182191062481
477,-0.731161008695785,0.0697767627883058,0.655117658351071,0.0466359730974141,0.23481089718117
596,-0.630729061120967,0.0720554345154019,0.440389688039249,0.0545256193919613,0.218241390587672
835,-0.576373665936064,0.0704315440134979,-0.0508497986255945,0.066316257059652,0.227719995955138
487,-0.820979229642826,0.0763585505942549,0.589842247288024,0.0541570081306391,0.175857198533183
467,-0.553420718995513,0.0664814808258396,0.558229719999464,0.0504192803959847,0.21677877211417
855,-0.215124798331626,0.0737382935235406,1.16245980565106,0.0478741271793484,0.152954575757022
905,-0.291501180402125,0.0707309920413586,0.979898245868852,0.0463895456759738,0.0821289978497183
59,-0.822988461610775,0.0754924017393415,0.432551440691034,0.0517382538310242,0.128030391510441
497,-0.681799098270799,0.0753543396299762,0.570631065669128,0.046968063138621,0.204895418532183
725,-0.560408902565269,0.0724699981682194,0.935555748938882,0.0458422206408909,0.226321879932763
417,-0.618372467108746,0.0746719863715878,0.533683176822728,0.0574301909160184,0.0731526635211714
895,-0.593051288429839,0.0700696179656327,0.572300228015361,0.0498442971267836,0.102572792428773
457,-0.659110872670504,0.07341648796802,0.455799568892724,0.0598699921102423,0.107873445413958
705,-0.907533175607024,0.0742837177715395,0.303991797109645,0.0530075728447628,0.197231744470407
745,-0.555643854281031,0.0755635278104632,0.240433560631472,0.0606287092731278,0.192943395069665
715,-0.403384790166092,0.0714383972744607,0.605378400019547,0.0536038185828499,0.280374500705494
915,-0.596249067641246,0.0693977567891647,0.617476335913796,0.0519173234794892,0.296042530378881
49,-0.717117720685203,0.0715127814105326,0.651473741442509,0.0521010486926107,0.0998946871464187
995,-0.762608022184296,0.0740660710607963,0.833138599858286,0.0464373934101256,0.106643706167566
586,-0.532518986392345,0.0708955902621611,0.773838601662134,0.0493610789246935,0.160383396622923
955,-0.623340664426673,0.0661441570303745,0.250476736275281,0.0522642883063894,0.230425201534263
985,-0.777285127663041,0.0751521035206769,0.464469909914399,0.0517596251308082,0.246709570047155
735,-0.206515386996855,0.0658586490343008,0.5090109035646,0.0614454802134294,0.0428136480406645
975,-0.70539790664603,0.0729301100981585,0.374777958435466,0.0580154338477355,0.217179655239554
925,-0.953606519964696,0.0768309793267431,0.420740223401277,0.0562712841756683,0.280453118262069
965,-0.646075503788239,0.0744966532950937,0.521347123944856,0.0580364308997945,0.205536856035498
945,-0.792886633842402,0.0726877326116784,0.54126859434211,0.047331181379433,0.20465053834488
795,-0.653689383526147,0.0752321320705332,0.373339646769499,0.0577383641973573,0.122523658757668
935,-0.717845179262172,0.0740366814545509,0.540287272226251,0.0548492860581698,0.101559054216195
616,-0.81378540408346,0.0722910681515165,0.513796206947562,0.0486043678891899,0.0878714221902264
785,-0.420271857364214,0.0702477417295359,0.663386913631649,0.0540929742426562,0.2075364346432
805,-0.714232488473858,0.0707562302617396,0.588435364613072,0.0471912154503196,0.196378429185437
408,-0.76792207876241,0.0746165077982459,0.308554721268512,0.0544470569175306,0.188629393106555
815,-0.778910018665914,0.0722780543756296,0.934002007171169,0.0406235789182707,0.23612458009924
626,-0.398377487655896,0.0710712597083372,0.723094574472519,0.0495792590014426,0.201038608106854
606,-0.526299553637275,0.0740134792214212,0.903372821426985,0.0477867035225295,0.224766640466001
256,-0.4897461943123,0.0703364252827992,1.01389549687009,0.0433313750886408,0.203302593115323
8,-0.85998575937242,0.0717397219502578,0.746784904843822,0.0390438954142504,0.163253128104068
226,-0.478168846325684,0.0713804252060135,0.654018810710211,0.0504835496866544,0.282927582219296
266,-0.746971362996443,0.0758852864606628,0.626002521630777,0.048262120143086,0.235954828552455
246,-0.60559404745756,0.0713766698880258,0.454608422136935,0.0543527675874417,0.251469947618203
428,-0.465672519599904,0.0689544546469863,0.242072345965957,0.0594379563715302,0.0636051682173084
236,-0.832701650263055,0.0729978902045826,0.482834920442855,0.050750259534294,0.122975617645515
206,-0.482965825274703,0.0721542571640911,0.492950027879872,0.0576197664779076,0.166927557529278
216,-0.69956014248212,0.0690425324017674,0.0653580932146696,0.0587126152466827,0.0912305486298162
276,-0.823026207190161,0.0719384205243913,0.514872240181864,0.046827417726679,0.0705371071324493
358,-0.648313823866228,0.0691942154362362,-0.0327550606206291,0.066194329256873,0.215209133920282
765,-0.565763525807139,0.0715395820735022,0.278030135319438,0.0560834823317721,0.306496535022871
398,-0.76062152145277,0.0755032644774944,0.723209292655278,0.045841670913378,0.211862938669828
438,-0.708414385755288,0.0723010835457438,0.0913535949705047,0.0613299199759717,0.152810555257679
348,-0.433193290419043,0.0675039006404892,0.226736550816682,0.0603252166796164,0.244606616028716
100,-0.678379470295969,0.0750139653859354,0.834529264856344,0.0460927970210293,0.201848134544373
826,-0.747345437147889,0.0730935156825449,0.316026125602569,0.0591587839409536,0.189055638354286
775,-0.801999740806163,0.0729267536793849,0.314935002420076,0.0574454959108327,0.104832688788622
755,-0.575549061186002,0.0704252926510315,0.477966343839948,0.0521181488391207,0.165473919836683
388,-0.544726811623648,0.0748266750156484,0.345248795280322,0.0616363544770355,0.204703794946638
557,-0.702258291004717,0.0704708593590952,0.667952104513982,0.0425384740430322,0.199724614292261
378,-0.774831638996974,0.0747484064842329,0.377687900430048,0.0559448320838004,0.224760778877546
876,-0.565308092683689,0.0720721349747403,0.429683808261659,0.0552462826623435,0.184682822719645
527,-0.725872978395179,0.0719721584937145,0.442589526430438,0.0522398174812425,0.172796029009701
80,-0.514486115089048,0.071856447055097,0.612340875829533,0.0531181378423883,0.140088451788915
299,-0.941315372553704,0.0785033089646742,0.541519387363476,0.0535182880511124,0.119178750433777
507,-0.67138808678617,0.0733196409070291,0.338767690156423,0.0593906787268586,0.171019554542118
448,-0.527374592477102,0.074765149281266,0.988606328932526,0.0490188627511637,0.237711858309042
537,-0.364672384165928,0.0736208471313144,0.731806447264345,0.0526017825428668,0.0518515600889513
368,-0.87366851982003,0.0764439799841021,0.571664498367288,0.0473308849038228,0.150055922277208
488,-0.799703359698932,0.0758877536242094,0.575339439011648,0.0520846038313497,0.143991242332749
547,-0.464794511976841,0.0703209561833214,0.568103873611237,0.0538148392952549,0.129993895228568
567,-0.729828096104589,0.0745709517080978,0.51163677415178,0.0551718504185516,0.204471003303867
517,-0.482476893233478,0.0716301079162887,0.705557660838026,0.0503491220656438,0.159007660154329
886,-0.671521482121375,0.07033866379192,0.23000534953835,0.0609555520158948,0.17346261661682
478,-0.541486798738577,0.0684374218111848,0.467588698578029,0.0495652054755448,0.216050290698828
70,-0.883614013748745,0.0755166745701565,0.434006318024575,0.0503995055304726,0.146399912600849
577,-0.419086221022723,0.0705063328187112,0.219287217070752,0.0628415631066178,0.285711332976462
846,-0.827615763215816,0.0750490554680755,0.282470775092206,0.0568642403580326,0.204535229457715
665,-0.677305094674881,0.0739510334769347,0.972742595742346,0.0444888491608477,0.306850700374982
468,-0.771652842981518,0.0724940215782746,0.563237318667743,0.0528275462649679,0.21517075085998
90,-0.756227541216075,0.071091614333652,0.289289073278362,0.0569605325024618,0.21205120557437
498,-0.654709145272406,0.0724048352351592,0.740051154321782,0.0513353517818847,0.267119402876259
597,-0.580660725599853,0.0719307260106441,0.556009579259145,0.0510479346172763,0.125341570625231
289,-0.24667060341273,0.0653297118505055,0.19832517778005,0.0669058095446436,0.122429506491167
39,-0.526586030551576,0.0721200963414041,0.796035487261312,0.0500436487082864,0.24633292635753
866,-0.598907277709781,0.0738282380536192,0.610255689080174,0.0523032052929824,0.262555137978657
60,-0.71301680730269,0.0723936624315458,0.528024858839778,0.0538347106404343,0.161727095598042
458,-0.602283325667377,0.0683456959682714,0.292282148102248,0.0525746461315792,0.133206081616144
418,-0.749658098690929,0.0734869435553654,0.417278447498802,0.0595901937322358,0.153978840941313
29,-0.709253951319333,0.0730883963250419,0.228342647351173,0.0622277861802285,0.220354303684207
635,-0.493935181357945,0.0678457567102526,0.561329250211867,0.0554560042791899,0.244410669996488
19,-0.455702076495531,0.0696021041550285,0.44364396243083,0.0609772827306033,0.197272923918589
695,-0.716325722007022,0.0704435111071125,0.628819546569376,0.044975223021676,0.144039432450012
856,-0.533782148702307,0.0703901016765456,0.895290602268432,0.0448633651308316,0.264608242226948
655,-0.72609018062086,0.0717026977900512,0.244920552039619,0.059356611693365,0.113787071561208
836,-0.778389716665957,0.074368462487639,0.41474401678075,0.0592883132814115,0.19565511115594
316,-0.645188395457877,0.0726694289343813,0.467884041371371,0.0531612187021074,0.217340468371073
906,-0.578536253356585,0.0692578067155712,0.812160061154205,0.0469086410392256,0.182789468930072
675,-0.414946986240197,0.0720061224805554,0.948406643113386,0.0498419129469941,0.195649512090935
645,-0.699888317020507,0.0724780797096598,0.949170848390833,0.0405606903149718,0.214258217929566
137,-0.524012428942541,0.0717432534502098,0.724833479662657,0.049072192398374,0.259957306036611
685,-0.668537810077394,0.0741257398168023,0.969237119317147,0.0419790928941403,0.148162690003115
896,-0.439455252582225,0.0730106631012368,0.738893502683899,0.0537930905180863,0.239968754646554
50,-0.598550566231192,0.073953585710713,0.38130981262685,0.0591198675195277,0.159898884638927
706,-0.901176487064586,0.0749753149413108,0.501010990984126,0.0498581209382818,0.251636290480621
306,-0.907801432473267,0.078959852122011,0.353395100315547,0.0555440418623176,0.128645081966786
996,-0.72739578365642,0.0758878152850987,0.760974554416115,0.0475058851988763,0.155494828282965
326,-0.543124934792503,0.071514510362406,0.550978178738479,0.0537937398456097,0.168113935515782
726,-0.765994386624983,0.0734734653348249,0.569072571022124,0.0482230022948106,0.0978383205703283
587,-0.722028672989412,0.0726240827455716,0.72088781273454,0.0468744948768299,0.0991374900645289
916,-0.586821862839782,0.0743419269505355,0.747592076369041,0.0532012720158955,0.108703275305731
336,-0.495729497209987,0.0723215851494782,0.649393117640568,0.0547045222504229,0.0766591158607574
409,-0.627674009162366,0.0707757469019808,0.828850498447513,0.0487212146781043,0.35484591716901
986,-0.442480294965432,0.0706811703355551,0.498210986120344,0.058603479006878,0.167042381163116
956,-0.643837830226551,0.0707047046897829,0.536315558982759,0.0472763308744771,0.250850536348233
186,-0.63477358940967,0.072587812498025,0.264276841660431,0.0575876084480048,0.196048418103641
716,-0.619284793626669,0.0691079035200445,0.466277415933772,0.0552676278003567,0.150485850749996
746,-0.690573100682447,0.073595621212828,0.580464882781226,0.0505090416706198,0.180165504415753
166,-0.713770644643195,0.0746192602286973,0.807910821321443,0.0454036687769976,0.269971006719432
976,-0.680829109991901,0.0734976480649931,0.380081836371676,0.0539792792464191,0.130846073017105
117,-1.00510899776621,0.0746707688890739,0.194164549769767,0.0551295532593338,0.279497836196976
966,-0.633524933831431,0.0737495694378381,0.387318966034784,0.0526026250042441,0.248770577231115
736,-0.745667005031126,0.0763522975587353,0.580457022929157,0.0546517058272991,0.320592961576969
156,-0.509592680692099,0.0712223764321805,0.43623941623766,0.0544230261577836,0.132665592813185
107,-0.412724799899352,0.0675654337046604,0.798744541322793,0.0463844542311348,0.120082414415688
926,-0.799104146148527,0.0750284277587994,0.693851834832516,0.0507306386611537,0.144644283092065
146,-0.836138996849592,0.075000828126251,0.181093839584899,0.0616614207490983,0.135675124605721
127,-0.477992924089801,0.0684840742397967,0.794965867874597,0.0511501840882772,0.205814980735458
946,-0.595933394482874,0.0713873234617059,1.06299291351267,0.0425759717955029,0.29360627092192
617,-0.712918024366364,0.0728653566301372,0.37132022724399,0.0590707174997587,0.167891413175227
196,-0.78415049759215,0.0742143657416098,0.597441544711458,0.0537620792155437,0.273276615225679
429,-0.869257384991632,0.078242380306125,0.398788693637731,0.0569773564377148,0.161613847761183
176,-0.957679467870686,0.0745156960807518,0.183548347583547,0.0576523989996357,0.086881761099591
796,-0.501935513437454,0.0664504848556339,0.368610906755426,0.0556682539739473,0.269934093303886
607,-0.578419621540835,0.070705264200717,0.267916846164578,0.0607481064947882,0.219376669646323
936,-0.78724925114675,0.0733720988882355,0.537781213012491,0.0513089816100116,0.241559657788576
627,-0.779456843060221,0.0748586292417679,0.124120961549615,0.0637285662649337,0.138375599786087
806,-0.554087851859622,0.0723263245859658,0.79079885623165,0.0481718295182029,0.212971489166097
786,-0.225994102906896,0.0704862018461942,1.36147602984504,0.0380936878141314,0.198506285600266
816,-0.908545766195129,0.0760624437152519,0.185961360676088,0.0593805945202582,0.227374027007296
9,-0.395041058681523,0.0686420369045772,0.50705945920993,0.0543231773692703,0.25148343286288
439,-0.841422116419698,0.0722689579000256,0.225156419264906,0.051816924075469,0.164050464567535
359,-0.841986060262548,0.075531124958061,0.215225674599231,0.0576875425929229,0.168025998948617
399,-0.724978217482688,0.0739545936630226,0.306875023813703,0.0635515338281188,0.120939615132817
349,-0.667117020156972,0.0737199284984918,0.658800450690616,0.0488654158434263,0.394394926456884
227,-0.588241805088069,0.0742197858087573,0.712861679500826,0.0475444507122391,0.209597514425165
389,-0.30451904694491,0.0712046208784588,1.03191904779021,0.0496941877077257,0.176175127909585
558,-0.762045219624495,0.0747354976714745,0.88498332949345,0.0443066180661185,0.192766676501769
257,-0.897209902645957,0.0748641133879619,0.618351940638697,0.0491862840035331,0.238026050091836
379,-0.499224343360471,0.0731639196205175,0.695944144878908,0.0520610279566327,0.27301776401761
827,-0.207708470432279,0.0695760435846831,0.462631152524901,0.061332318965975,0.0897578991289153
267,-0.636233020102049,0.0693195225801662,0.305866996035503,0.0531092522269035,0.160083744653712
300,-0.782806252309435,0.0726102110164637,0.307039074068987,0.0582061432506224,0.256095840829765
217,-0.509273445014472,0.071500424522713,0.452962437799527,0.0537225488899339,0.203616151128279
528,-0.486725829793252,0.071261489658313,0.734169494781629,0.0469641032271675,0.168688524951379
237,-0.457910253723785,0.0705734387007808,0.686985946513986,0.0528650645859884,0.11429152195079
247,-0.775734674720917,0.0728486057941777,0.578522608458239,0.0479373178066059,0.0977250390343024
508,-0.694043220711567,0.0715806729975023,0.21774007966335,0.0638567568730085,0.234856258722007
207,-0.830095399035362,0.074268056503505,0.0531128199757536,0.0617648623627377,0.268600995774227
449,-0.689855195266596,0.0748033514881408,0.386384235066282,0.0606841663715181,0.280719773754069
766,-0.28126188339628,0.0690825729834436,0.500041510444189,0.0584448781255107,0.109795380208784
538,-0.731109045997708,0.0740819530727889,0.142250451935813,0.0609122360846561,0.252799462769678
877,-0.814442156929662,0.0728630605650963,0.414322345223052,0.0551656946254127,0.21517821855855
419,-0.499058877382489,0.0697910634136002,0.284800481968244,0.0622438058648558,0.280323631799783
369,-0.692128102603642,0.0749089152818244,0.538641425024709,0.0541998064804004,0.112600107779935
489,-0.834325369841255,0.0747224996301211,0.672083147979857,0.0410113142588226,0.189490022675267
548,-0.652480313454579,0.0728070417186018,0.748502900251074,0.0472970173557579,0.153257466277753
499,-0.597297900155126,0.0689458820196405,0.637941464194409,0.0520591849001867,0.206617582159695
479,-0.672012596180368,0.073521181744971,0.528180078858967,0.0559494302554251,0.207254546345668
518,-0.776164567648248,0.0738693927983739,0.222337508774203,0.0618650368110568,0.0874297343461238
469,-0.786781923428387,0.0714706191750032,0.510538560911483,0.0504398986686748,0.266817882260848
568,-0.646046122777843,0.0718291203538297,0.544220759118724,0.0533861239217785,0.331024160837291
598,-0.696696076082689,0.0703826794316949,0.642376753775076,0.0462104421704546,0.27792281674166
290,-0.544453344915003,0.0741423086687312,0.944301988017191,0.0462884763024608,0.171119306543516
459,-0.37365559138354,0.0712429698858341,0.217896523408631,0.0614122301014575,0.130754399182023
578,-0.726221241041113,0.0719960038384467,0.596938374128311,0.0497656513316504,0.245204235487213
887,-0.777255567083484,0.0721283863119111,0.11862167163524,0.0597783011287434,0.278722640443983
847,-0.639929288733365,0.0699173123868943,0.223033729137331,0.0568319730409145,0.199886984172083
277,-0.424817084114937,0.070461188974688,0.651547706983336,0.0560610628627601,0.235353918904495
776,-0.605836519077714,0.0733715240185323,0.706970808769477,0.0528006581535213,0.182315668883657
756,-0.807411016266967,0.0737533397829921,0.0905372691842317,0.0588893130563772,0.304670984416033
867,-0.804382071464052,0.0721251420065126,0.483309261319953,0.0512949387403533,0.194249341373334
410,-0.654619355442918,0.0720258239516796,0.835909611844918,0.0487943618609406,0.28108718541924
40,-0.571966652488289,0.0739406901199846,0.595171092664577,0.0574260934026948,0.241185177847008
857,-0.628356077984819,0.0719342789720898,0.595607046920047,0.0502392662504983,0.207462452616085
30,-0.667862448065636,0.0723153765786779,0.421837240326846,0.0559781573704492,0.195177210678001
837,-0.710365768655593,0.0730965704489449,0.150878984686513,0.0602638975984642,0.274432059410735
907,-0.653553004566426,0.0723457376261892,0.6261179652997,0.0506518245441558,0.19954009096561
20,-0.528800131528556,0.0731006921955368,0.169214439400339,0.0652211690054136,0.165350265040107
897,-0.596251979237966,0.0713175482116611,0.691550206371869,0.0516932036960327,0.170490240251629
997,-0.46797669128516,0.0711501349246536,0.515429307468964,0.0560662278490744,0.30441570558296
588,-0.83304582054025,0.0777714167016646,0.505043836043768,0.0546081151013492,0.121039463886153
707,-0.449216580128102,0.0711806051752672,0.670995728466937,0.0526887229586809,0.160322943987342
987,-0.52360843788083,0.0690889279336488,0.193901482344733,0.063473661100203,0.266751830251247
917,-0.781947811184045,0.0731550727374116,0.343368209311715,0.0531017516234657,0.0824541443015525
430,-0.661630158235804,0.0724747845762338,0.708786488990802,0.0488901184522622,0.176062303554333
957,-0.908872111554432,0.073071737207404,-0.0135709569684087,0.0628259039400712,0.179033096341134
666,-0.901263537252329,0.0758128871498983,0.569558115274016,0.0537242921243823,0.100932045259318
618,-0.442310743326129,0.0664158986222738,-0.0195744123962307,0.0653952887806803,0.176938415985462
977,-0.846073231842125,0.0745581506322654,0.569287905356638,0.0510386712181233,0.229951401437014
747,-0.48827848094053,0.0734463746086207,1.10587830377951,0.0468594561454637,0.130339278278984
967,-0.669037638267118,0.0757552314269301,0.779231114984619,0.0525131987768246,0.250387332066604
727,-0.781674108713229,0.073779081167055,0.266935618620018,0.0533851607184962,0.234737027101427
608,-0.827380044157603,0.0711559005661839,0.188240941015766,0.0542734743707167,0.252445975356095
717,-0.420076464885667,0.0675393284152403,0.436599197005197,0.0545150756003666,0.186748962462029
927,-0.466477066064232,0.0730700299111007,0.980448966610387,0.0506992874732081,0.0904564431619442
628,-0.775456196545052,0.0777083648344072,0.782460836186332,0.0470739126915052,0.183919307040993
737,-0.479150821340094,0.0711205532360364,0.751362653463453,0.0540472089859534,0.100695315625741
636,-0.515620913697828,0.0702785073074684,0.53461982606859,0.0545904035601039,0.292172467574093
947,-0.485801166182679,0.0723113190617257,0.859763357965584,0.0475997913774118,0.146881887681539
696,-0.398780594372226,0.0681075986244851,0.797716999724516,0.050162096838838,0.0422709900910476
656,-0.539262523594116,0.071502111665417,0.786639800294664,0.0467611519412513,0.200894516937553
937,-0.679405038585256,0.0703828716248996,0.4316896782282,0.0552085819303891,0.126160907351901
646,-0.792025091792033,0.0737107094188945,0.406919869089827,0.0535353943861244,0.156377897956486
686,-0.742892433379316,0.0688502545169899,0.660163940366054,0.0484234103251216,0.181050337800395
797,-0.669025044695877,0.0737169522962037,0.473850698572074,0.057354302467866,0.205489899643977
676,-0.551978238079229,0.0705515807666932,0.235011103313969,0.0622296764702147,0.23773644664538
138,-0.588411023040985,0.0724351057803448,0.377510314374598,0.0587652374553956,0.152156957150394
317,-0.534670203230999,0.0706039730273233,0.23527452148156,0.0611209494807666,0.131151046259147
440,-0.857160771954021,0.0782457243215245,0.748147533784513,0.0422279958828678,0.240498758019928
807,-0.504883450242967,0.0693355026157601,0.23104555213761,0.0645195720661392,0.192534403062716
787,-0.669980814657813,0.070045763744717,0.507164811137447,0.0562818206832388,0.133699711304966
817,-0.616626708626749,0.0734294407266538,0.757054796193204,0.0505376154378634,0.283304313064356
360,-0.605016970443793,0.0739010895898854,0.702715931246663,0.0557633910867724,0.0578690062709739
307,-0.574719513929912,0.0720508307020085,0.463896595642362,0.0563396005939031,0.235264503908329
327,-0.498806556855002,0.0726387195504275,0.507051975990404,0.0617868689266086,0.0278221185057498
400,-0.433982362222251,0.0663135092122024,0.555311238607674,0.0506067791392952,0.149249334828467
350,-0.62075178789913,0.0681739503102826,-0.00490262099790203,0.0638817116040557,0.181599016342998
337,-0.638721898049781,0.0737814757852313,0.739199884041251,0.0512514520964725,0.237392999980098
118,-0.775553211066576,0.0743954263286498,0.433558905842711,0.0535210668141819,0.21626379502023
10,-0.78000670081508,0.073001357410633,0.543639102451563,0.0518497751437456,0.238550719528325
108,-0.73919081577327,0.071302782020887,0.199047338028248,0.0618038893464251,0.132557726338139
128,-0.527503469849463,0.0707735788620892,0.391701956296599,0.0565122581082566,0.122092964123268
390,-0.667816181008858,0.0721101015042728,0.321198363546688,0.0503816467194269,0.227176831557357
559,-0.266096851291363,0.0631346675591316,0.617073065494552,0.0491824123438938,0.163077676086286
420,-0.637388591704833,0.0737533112674696,0.496330728100432,0.0554846201292448,0.155518274694479
380,-0.525465874682984,0.0694082830096803,0.520664408643873,0.0572686838987508,0.16950502830415
529,-0.232485792548112,0.070926664354647,0.949754557445392,0.0521034130195221,0.22501570652278
450,-0.655190648543067,0.0728531306491887,0.492986322809451,0.0555133982316426,0.144419350610602
828,-0.775482386813272,0.0724865094897224,0.270008306096215,0.0561783016370607,0.146805567771671
509,-0.777142751464299,0.0743391603721431,0.884298720195803,0.0437015224966823,0.293650828618932
187,-0.710291782834857,0.0720858741666296,0.367597357554328,0.0525244548870633,0.21425990035453
490,-0.56632415487525,0.0727780309401111,0.955046764520052,0.0444093853980627,0.144801760292222
500,-0.531922257158761,0.0715595155599865,1.15026051723842,0.0442135445350686,0.133249692221682
539,-0.683902028710352,0.0732840321553426,0.655880526242161,0.0534720902408475,0.0958402315064845
470,-0.49693213164918,0.0705173241786183,0.653613475086637,0.0529495531900079,0.245634485870471
480,-0.710483563891056,0.0720691844117437,0.141069359431268,0.0603070978132051,0.124229567408735
167,-0.869497367968353,0.0781430870416894,0.410332744077356,0.0591561939203615,0.134536422242802
549,-0.783489567128484,0.0727921011498386,0.908508859749298,0.0380679187582627,0.242526440399378
599,-0.50888360819078,0.0709562118779478,0.616510312694079,0.0540721677523586,0.0821519047388475
519,-0.748889785473578,0.0735821719139088,0.591197311998,0.0515108438628499,0.154077029991563
460,-0.823773798558218,0.0710908154011352,-0.0311637368026245,0.057619889141108,0.205227792188889
569,-0.640215782883487,0.0694272163068355,0.157236094087175,0.0619546752599906,0.154488754723016
878,-0.482787663700608,0.0706549809427157,0.478237703816533,0.0529627273281252,0.25365346465576
370,-0.533185870210195,0.0738467558951421,0.605997393844377,0.0500203119568449,0.168022301786212
157,-0.55527415334303,0.071193572335298,0.904802575155573,0.0405869425872166,0.152914190280357
579,-0.687092413474544,0.068835541609087,0.0475837407019027,0.0605311402615864,0.131218979581743
147,-0.740589615700677,0.0753196558695506,0.40761767837596,0.0570165478982718,0.165113003223788
197,-0.619101579777704,0.0733423286914471,0.856980124160093,0.049423863730333,0.0634235333005661
177,-0.616161361222929,0.0765746883222393,0.659422196222586,0.0507711750874749,0.119270079621011
888,-0.659453728353145,0.074791680062488,0.669249035429738,0.0495333942232409,0.119944559489975
848,-0.737224898259341,0.0748922026027528,0.759746473158892,0.0518933468504349,0.211783123652278
868,-0.675681488229711,0.0729076701395013,0.611547522661336,0.0524049564423382,0.164456540349357
908,-0.765045976132153,0.0738761368056465,0.805974433086086,0.044670710839777,0.229476526833486
767,-0.596656249590759,0.0728760949724105,0.579518487897179,0.0535586804559436,0.180585001859181
858,-0.566565097664713,0.0717569567311401,0.48486229425344,0.0528454039866845,0.174909267495144
838,-0.490649000183641,0.0688700709901338,0.709245205095601,0.0534108901237944,0.148959716963189
589,-0.344103810061726,0.0719377268874709,0.860828165509193,0.0477120848794891,0.240324366982374
708,-0.426997722714128,0.0666955615075348,0.847655147087563,0.0428940557470375,0.192802527388211
268,-0.633730908715387,0.0712862945587259,0.58646134350477,0.0488044507630926,0.20400319869654
228,-0.454450339864083,0.067819142979638,0.355052426040525,0.058465391096403,0.122662581191747
619,-0.537080641082224,0.0744906183942778,0.641825974729368,0.0553658311025247,0.166004115321065
218,-0.619752997680681,0.0715278537595581,0.773791822005502,0.0471511031869681,0.0498998330252253
258,-0.510255184660854,0.0708161460515966,0.793243202067199,0.0469758807247274,0.194553225226932
898,-0.760606963973847,0.0734130950575546,0.495298369646624,0.0532127083945595,0.165890294461308
609,-0.504460467339942,0.0702054736687957,0.780050094704539,0.0523724740012762,0.258245654660068
238,-0.668887341933058,0.0739232987941105,0.780785686584836,0.0467693053910489,0.147173432070186
998,-0.662367100536182,0.0738742437282022,0.462730521779884,0.0571267588739227,0.162644230836211
918,-0.564600477888246,0.0713104706575362,0.764591092547403,0.0490963249314943,0.258501508309274
988,-0.953404735040771,0.0735294335332643,0.577806540342224,0.0487933755519345,0.192688102912288
777,-0.714098996365338,0.0753076274845828,0.602024975062982,0.0562879087085388,0.13847453651738
958,-0.577862762703787,0.0703391179846045,0.752920387688877,0.0466270917710823,0.115015470555865
757,-0.541017673181566,0.0689941264841901,-0.0223312108370167,0.0648659567816343,0.166720628147469
248,-0.82408158803899,0.0717177717382671,0.404771264712113,0.0519460940808982,0.221821079359618
629,-0.788807619765845,0.0752533795829238,0.436625184398968,0.0519622730461496,0.309065912926003
208,-0.525486345074981,0.0716256598803972,0.573742007369804,0.0544959669343498,0.238322203684106
748,-0.593045180269525,0.0713015468958771,0.266627298969538,0.0627048487883979,0.206834498178618
718,-0.569898853636369,0.071502817697157,0.660700622715262,0.0500930158382574,0.111883001281355
978,-0.680522040723017,0.071778940589454,0.353502973569757,0.062457252559312,0.0867878680877887
928,-0.39412380802481,0.0694740437565816,0.50494780759825,0.058358759942139,0.212872519189426
738,-0.654363679114422,0.0731888730956884,0.361940441938742,0.0548034531247902,0.0887724666635604
728,-0.446979108857194,0.0722848010540179,0.556712388551748,0.0544399713247045,0.138609610264448
968,-0.697298532241544,0.0752655318507112,0.579455835990392,0.050076539492222,0.103734185251274
278,-0.473335622225064,0.0696467610627484,0.283009549196119,0.0605002016370654,0.168924609993045
948,-0.674180181033849,0.077297538320911,0.896935415615378,0.0495075250022591,0.113723399238064
938,-0.563823733067324,0.0733379714914614,0.625437009552768,0.0538548739370142,0.186488603955646
798,-0.22188619851337,0.0647973554738877,0.734598281473804,0.0481603882601862,0.200690592769947
788,-0.795727847122549,0.0706393505565059,0.225367908139925,0.0565805004272105,0.170270886823205
808,-0.407043355815902,0.0702287859026006,0.449950268047097,0.0585051433532416,0.220013252403243
667,-0.529355921707228,0.0708578996372539,0.434285058629084,0.0553956670198276,0.247897632033418
818,-0.767123933009906,0.074973044869558,0.740676603129309,0.0491215839173,0.0746316296102487
560,-0.740488920217613,0.0722536911489489,0.793519436103144,0.0436154210644526,0.195960687961166
637,-0.601825624494985,0.0729559784547439,1.07178984999724,0.0394951187394807,0.14717313651397
697,-0.637494879103076,0.0734175261073075,0.506176703079844,0.0540597145268177,0.174529168982456
530,-0.74590630630569,0.0695472112756313,0.684444504521128,0.0459734281606306,0.30733755260699
657,-0.828703980750618,0.0729440538619026,0.115586496393928,0.0596314419214336,0.162183254369658
829,-0.745755645426038,0.072554784600779,0.489552286863461,0.0462422825367456,0.194896188892158
510,-0.491895958791195,0.0730897232520339,0.536776058984565,0.0571606827402681,0.2777122077164
647,-0.37670478517038,0.0675513731747746,0.477457284250073,0.0534695665201587,0.0446106501571044
687,-0.281812397143466,0.0664616889421358,0.603827763394373,0.0544926550148514,0.327690657112486
540,-0.558246856643645,0.067217901315464,0.198404165687693,0.058089668773602,0.229722294156586
677,-0.844663302724448,0.0747575433792759,0.313209071073972,0.0532737818952111,0.153501769527356
550,-0.497080086927671,0.071407656842259,0.702272268032185,0.0521271447351429,0.17697463004194
600,-0.62677244281243,0.0723464950914597,0.663889826770931,0.0509888249816841,0.2373276560997
520,-0.801532887934987,0.0725524913625523,0.0912643583071835,0.0607022564805192,0.21809342539524
570,-0.578312589981096,0.0737757084153616,0.68275901665057,0.0521271498051562,0.170332437425578
139,-0.717119421376003,0.068547237874906,0.454318389620634,0.0467491780164291,0.228271563979104
318,-0.575254999182186,0.074844084118433,0.390406567495957,0.0581593339911273,0.139194364515791
879,-0.857292356310055,0.0762702501552374,0.66200303998172,0.0482990801287627,0.197348417778456
580,-0.639140943875977,0.073336667390366,0.706307979299028,0.0467048360941782,0.14419669003048
308,-0.632570226816671,0.0721219164600505,0.453970235551521,0.0579109874382162,0.208864786263626
328,-0.539266063636796,0.0750131015890045,0.430525773161826,0.0558709462419672,0.177561359288336
849,-0.903030689581262,0.0763951668586905,0.607369771764182,0.0550739286972565,0.224448523009269
119,-0.449968095353187,0.0704290935527246,0.862694776506177,0.047825480708175,0.240420688912012
889,-0.83269726632413,0.0708411730191118,0.155825779871193,0.0557838628975137,0.240447005320376
338,-0.403563114566525,0.072708390745647,0.72368781702146,0.0584094917417125,0.344935145162531
869,-0.531062998616362,0.0702601307919739,0.51158681570315,0.0551548652304438,0.140560283629691
109,-0.536037951946698,0.0733404018466835,0.392679837239685,0.0561232716402309,0.264383020802815
129,-0.83597265598456,0.0798403470702294,0.37089290627514,0.0602530570413069,0.213998842499817
909,-0.838225607695492,0.0745997616471795,0.676918908937358,0.0474746390312367,0.215933150206211
620,-0.66848205261559,0.0746467180707401,0.403951892687156,0.0538725515682485,0.278558361450905
610,-0.541908162645673,0.0705650130960531,0.69555813251373,0.046006689332654,0.204162544589261
590,-0.856109488483276,0.0733604094702453,0.442383296330506,0.0531262587541903,0.353107752234686
859,-0.694073664877155,0.0733172029839852,0.42187753031837,0.0564301090518487,0.0349077922983372
839,-0.594863903810386,0.0727085386774085,0.881270895172552,0.0428227836568902,0.24402844726234
630,-0.627337847424001,0.0711623731514834,0.247159606006874,0.0586197494609403,0.262392754903686
709,-0.407616564142175,0.0690952387102818,0.624971076478726,0.0558050366229555,0.176671554215314
899,-0.455825147934657,0.0713659640940685,1.10395887873205,0.0431375894726361,0.165395237447457
919,-0.304290178599365,0.0704672867835229,0.908035298986,0.049342018615439,0.132546107218557
999,-0.696931696628262,0.070563956808628,0.459244763792353,0.0538763513450347,0.182609630247784
989,-0.577587954413752,0.0721848426861692,0.58569647862425,0.0523094524361928,0.203492173339859
959,-0.735061890397322,0.0734920543635559,0.0366153185418058,0.0650015216689739,0.240867274912548
768,-0.353845737702898,0.071827724695678,1.09224716370261,0.0466180999510644,0.258991072478934
929,-0.614282736215888,0.0719776175786986,0.149167930107484,0.0577068008665356,0.113678142395195
979,-0.68719667934413,0.0711397293258823,0.699375686374885,0.045005388608612,0.172161457795202
969,-0.568857716064956,0.0702092254478053,0.871487040364228,0.0474079031547074,0.108285856412114
749,-0.762899193903357,0.0730606592192435,0.0989991092961965,0.0622598165569464,0.225977912819857
719,-0.618786944881161,0.0737920165264658,0.23930428103324,0.0634735565007216,0.15896005702954
739,-0.787911490339772,0.0740993529169879,0.817465215916916,0.0459311829650484,0.196587367756406
949,-0.876192591915049,0.0723673433720031,0.0667704470497375,0.0568479288405917,0.0638325874697662
729,-0.786474845171857,0.0723203743718084,0.159532486233083,0.0567023443957793,0.17743149027517
778,-0.406269831426306,0.069072974201745,0.826001809628046,0.0488362177661974,0.265637742965504
188,-0.593462592710822,0.0743135964648522,0.571741306153606,0.0562849986678414,0.128434575888333
939,-0.899138759473901,0.0745508712657388,0.436350946061534,0.053450189558375,0.138933623952215
758,-0.701131189991066,0.0719290935506822,0.565262092787105,0.049785698489058,0.154438019393263
168,-0.49866820827219,0.0699806749909268,0.630883192613111,0.0491476893392842,0.11924083206804
158,-0.451354353170899,0.068683328452531,0.470730024979744,0.0541977956623772,0.350308549265433
198,-0.795525688134063,0.0739164713874975,0.632242381020652,0.0472543157750461,0.211431454667645
269,-0.69779594969039,0.0731129139519476,0.367555870516744,0.0541105115243727,0.213191905391579
148,-0.744646963176102,0.0712620778266707,0.0147072905663593,0.0675646184862296,0.122147516998491
229,-0.928450791670422,0.0796223259415692,0.568270445233344,0.049396908165565,0.228203746902014
178,-0.50987739776369,0.0687820755601408,0.380370358973507,0.0568794601341362,0.220111910957256
219,-0.636507310156149,0.0696132727956068,0.701812754219893,0.0442744229685553,0.0843525376251766
259,-0.662300100065517,0.0730833716961848,0.680189681773314,0.0515295791786827,0.195658791696128
799,-0.731606928629678,0.0767714172855656,0.525478229197162,0.051271519224482,0.276733645017842
789,-0.528091711742513,0.0693555137311745,0.327498093804864,0.0581622151386803,0.172833303768207
239,-0.49482140259388,0.0710287732617892,0.859440399441981,0.05128190310501,0.177869267468906
819,-0.571290958948944,0.07062133430975,0.915672183468687,0.0419593510083334,0.0536299584062649
809,-0.498073593738557,0.0686121791705948,0.500580488615848,0.0542602426480863,0.273183422358894
249,-0.481889514392325,0.0715652949448788,0.982446463000997,0.0478315812136675,0.232050193569762
209,-0.379081689313606,0.0731882610076184,0.621531811939769,0.0600829183195311,0.218254852004496
830,-0.779724466586602,0.0741804133145926,0.398157327129095,0.0559099039038085,0.152337582966958
279,-0.680897435076843,0.0756347729771106,1.01375182451558,0.0397324040110967,0.22080847114228
668,-0.466352170312815,0.072464721174734,0.86874712665931,0.0503950415257155,0.12507288978355
880,-0.609721788109585,0.0705414053657017,0.658565945880686,0.0472626930875782,0.166539632420783
850,-0.464393028189903,0.076338606092723,0.387058830489212,0.0641784482222816,0.266531801456789
890,-0.450471486674804,0.0720260491238342,0.957267150525354,0.0467746312854165,0.165512921778035
870,-0.753495286742237,0.0746240632118637,0.693914924058558,0.048785665438973,0.175303343801387
638,-0.72816032391675,0.0737814423053521,0.122327959176672,0.0605720214195965,0.283993859965368
698,-0.685870139969577,0.0733962115792183,0.401515904188196,0.0547508430698598,0.180583789840286
910,-0.558532052803468,0.0693146739219475,0.204030462871001,0.0631853798533379,0.246155127494616
658,-0.774974261178959,0.0738954907490117,0.845074356554784,0.0448122930167455,0.11658957085247
840,-0.613320672961058,0.0703216196954388,0.587429320985309,0.0446353322549504,0.158789022965629
860,-0.634276894625587,0.0717507689633904,0.860250430373604,0.0452639538349625,0.196302732843079
140,-0.545553681877579,0.0687331870723744,0.468660093978261,0.0530944326574928,0.161200858812015
648,-0.663269418703119,0.0745760543158179,0.24665971107441,0.0625164788289108,0.153272191725461
900,-0.268593685925317,0.0705579539579764,1.02230337119173,0.0425147287082653,0.170672394084426
688,-0.614376511450721,0.074008899752105,0.471589673532212,0.0544104400390203,0.106242851596979
920,-0.262881860865777,0.0705254288291499,0.697633313440915,0.056395979980541,0.0817572515194809
678,-0.506870424627604,0.0664492692966547,0.750301717946154,0.0461776874703144,0.217935303552664
1000,-0.667664534088815,0.0723697666939027,-0.227638747072549,0.0722003893529888,0.281079220115809
319,-0.692613038513694,0.0762018440303757,0.736079345527562,0.0510481514865889,0.193617067972232
960,-0.450931686485677,0.0679890512323903,0.782285734645142,0.0466195504155227,0.201339085240566
990,-0.393797366780455,0.0700778988968712,0.72123915998574,0.0521942146691819,0.156885494797662
710,-0.659812001399471,0.0747905904031233,0.740630304261695,0.0526499918241214,0.240378194863805
309,-0.641034925261086,0.0732543501388881,0.497597948620718,0.0516822602335871,0.230167622385679
329,-0.625817667978351,0.0740617263103134,1.06754232512741,0.0448411863214454,0.202208952499367
980,-0.840023708062464,0.0763286812279828,0.648773199547749,0.0506696010967754,0.244606210057403
930,-0.634207439687097,0.0733154059523784,0.666772908587589,0.0522088216052112,0.267235988547719
120,-0.704645241543422,0.0758497412346285,0.0467530322764261,0.0681203711808874,0.359657085481305
970,-0.748566201142516,0.0775343912276491,0.519943151633626,0.0562655473063798,0.230761280060658
110,-0.33279148573057,0.0723692238378913,0.78876079153621,0.0553261266359709,0.167441604113319
950,-0.572258418104254,0.0735870936574611,0.649162068801113,0.0513580961824963,0.16572273148557
339,-0.706964747048137,0.0694579928801929,0.592382699092401,0.0485652030771057,0.0525862113529365
130,-0.692247617898619,0.0720458024554621,0.211417361326277,0.0615397758358953,0.262023969665158
940,-0.833842205647584,0.0772492663272795,0.331887250384352,0.0555631008498792,0.128411411532118
769,-0.720649803457131,0.0738700217602851,0.64177105170152,0.0512067572595596,0.230864394113212
720,-0.987672353847741,0.0739479760911456,0.405231253584777,0.0478237610962912,0.162480939190916
740,-0.769958776163356,0.0772594772323729,0.860993969327255,0.0513148033639723,0.124970640099943
750,-0.501562180590863,0.0682436956874237,0.571361965945812,0.0536025178972226,0.271207870945056
779,-0.499418288582067,0.0721875108428909,0.718210486972935,0.0559811052951948,0.161974079139806
730,-0.577588826303698,0.0753933850740764,1.1075152812698,0.0452821810453451,0.194193219528904
759,-0.400243178738108,0.0696762272109611,0.549336321147223,0.0536182665549177,0.178272002959396
820,-0.95941175920512,0.0777066706496389,0.0763685308504642,0.0633471130756855,0.107414852246353
800,-0.0361681393321662,0.0659885868653678,0.852495447825491,0.0536063194928758,0.189852639171841
790,-0.561450520640516,0.071771648078934,0.892099558747061,0.0473602759378288,0.155579913197418
810,-0.61431234732853,0.0706119887967864,0.681877774647662,0.0498451965901765,0.187752367236697
270,-0.464403468968936,0.0703400930636722,0.617629328516111,0.055490855462859,0.233209202771711
220,-0.414636802033067,0.0725656725171405,0.50109974736457,0.0590171511300746,0.160698690403127
230,-0.812782264425933,0.071073293735352,0.463255422986192,0.0499463813098546,0.1712653715535
240,-0.727913682162999,0.0748424825243878,0.496773833874599,0.0589753439023654,0.357243496142148
260,-0.512695031177633,0.070431684605267,0.910920352113932,0.0448513664300859,0.0899357255172452
250,-0.708732493698109,0.0708557531805747,0.368657844058154,0.0564620070019248,0.172362091222871
210,-0.343996788445352,0.0686782201272461,1.05523192197633,0.0432664387480316,0.196924818091499
280,-0.68772480969837,0.0735707956411212,0.9190568145209,0.0421937202711746,0.159764730776591
169,-0.821760133089411,0.0729748455167959,1.0098192394684,0.0393727563593439,0.272700092527962
189,-0.489079906716312,0.0750776737369548,0.787003645055153,0.0574237318696114,0.200993157421025
669,-0.755549432969156,0.0720756251524666,0.296095139869982,0.0567341227582023,0.109247184895036
159,-0.662049447485678,0.0702363558073048,0.296251829737204,0.0563235843510666,0.141780651509111
199,-0.621406997560074,0.0717872161619047,0.518947741833705,0.0532162982683823,0.265513691126938
149,-0.619539429655432,0.0710673471410277,1.01991488525579,0.0382731908417087,0.177197835085371
179,-0.449112443355386,0.0696749481790588,0.441423104724141,0.0550203897139911,0.236179579363686
699,-0.713487594387973,0.0723057460174574,0.667682402172287,0.0493693512832904,0.112375168172255
639,-0.514008848266859,0.0734034673228421,0.675355212011341,0.0571850698379823,0.199773209791958
659,-0.628926717138912,0.0739941980392138,0.621649081891218,0.0478602016745586,0.159376099633954
649,-0.592799768291838,0.0691793773885098,0.499190118101947,0.0547857514628402,0.206267619399988
689,-0.490304627563642,0.0702222589131166,0.969157947224324,0.0434443229096918,0.132708958091908
320,-0.658445225426545,0.0721451284970932,0.785140298916696,0.04713693192377,0.202729417211766
310,-0.67660401480472,0.0755861524662935,1.22649165536094,0.0419080801611022,0.11614841909301
679,-0.69222175155404,0.0705957061658956,0.566799677585099,0.0524605834135792,0.155679348502014
330,-0.505412559083196,0.0709492237118962,0.666989074138607,0.0537910334567981,0.252586743711791
340,-0.710161465695171,0.0735041297573633,0.345861267001717,0.0570923467215062,0.235996676870653
770,-0.718561152416488,0.0735256748645459,0.627133212191245,0.052955428742859,0.254067757814506
780,-0.767048607279939,0.0711985024633743,0.712367350033444,0.0465722781570712,0.232663304945384
760,-0.465054249993649,0.0696448874864912,0.660941093128655,0.054422776918851,0.149000036323021
670,-0.836133670993593,0.0703670876654803,0.275097010370875,0.054182473632179,0.135256863720554
640,-0.463549247082331,0.0675445672172994,0.522407173847478,0.0543053496386596,0.320408976114506
700,-0.609678503624521,0.0721213535468135,0.642555882286863,0.0509495187264913,0.0326302090558959
650,-0.520931813094945,0.0710345815227933,0.500295578997481,0.0586297671552608,0.216025745831941
660,-0.508201867215137,0.072905083355537,0.440552111298754,0.0563552176498522,0.0748130914159331
690,-0.426663605536404,0.0734029382227545,0.80393070282235,0.0520437100655856,0.223411526819888
170,-0.773026744512689,0.0756317183209627,0.599424418156111,0.0508066731250117,0.0761999571305843
680,-0.543342397450229,0.074953207525395,0.781197484969443,0.0482535763001567,0.172755759531486
190,-0.45660092852216,0.0705003049014888,0.900990322475181,0.0504602988643007,0.167917995292155
160,-0.343916682982422,0.0685817462919079,0.758888964911733,0.0466369898200822,0.220721294447112
200,-0.584572131980488,0.0724372083225092,1.00572068313175,0.0469607602509205,0.236037101602561
150,-0.497513601111546,0.0731664581746894,0.448985757035395,0.0607849504825649,0.239353118363195
180,-0.674446649813833,0.0683714172682584,0.222832839590266,0.0498710824116088,0.206797929702494
