iter,factor(E.prev)1,factor(E.prev)0,x6,v
91,0.143309271223238,-0.109291269133357,2.09426378392346,-0.0170684560146166
41,0.273355561650518,0.0845981435726585,2.18047358799118,-0.0713761322772631
51,0.238849063208264,-0.0370280000431337,2.26968664153838,-0.11066329991495
11,0.0600993965650589,0.103505739873078,2.22213973975337,0.158453629059864
81,0.323842453082259,0.29804494494825,2.44156934624573,0.338069046866868
71,0.0463772638837318,-0.14105696917865,2.42507052119479,0.0847920415169234
191,0.164613961087025,0.0255276386536522,2.30223109625113,0.316433212140983
1,0.266040572445804,0.106532832764876,2.62265678721976,-0.04335688325357
111,-0.00085974831549295,0.0998566210512039,1.94557982665728,0.085371624955216
131,0.239267284805143,-0.234645547035656,2.17821858129185,0.0142793899437918
121,0.137104341603428,0.0698890005173384,2.40362810135232,0.16866843042985
61,0.144141297486419,-0.0605843620710385,2.41480214082359,0.0938817807791461
101,0.382210553817419,0.318749011518115,2.29074005994863,0.191905514841401
151,0.388759574720876,0.196141863230536,2.32137290702139,-0.00213240881225843
161,0.335236859410652,0.444459530804713,2.20207282291166,0.130250393995464
181,0.340791779291325,0.113683698856602,2.46735533134378,0.233724586782626
171,0.0694056058059533,0.0651957727436535,2.45045930874628,0.0228804473800071
92,0.276765750066794,-0.0294268596979634,2.42940345186615,0.194423233508359
141,0.305996287733696,0.127077708321398,2.55322510063959,0.350844128172994
291,-0.00594566428189938,0.0427266674172266,2.53954548393764,-0.171780804308368
281,-0.141192203874423,-0.302407760354633,2.10622427791002,0.106436848518772
271,0.185389387101871,0.17710475525209,2.66091100755833,0.306552758828229
21,0.32474156268014,0.113948105990376,2.521923207187,0.0860331661072312
31,0.179602383911854,0.126177124756827,2.64134354282041,0.178423908890087
261,0.237501540984672,0.0785263494689839,2.14343897548395,0.0868902163127217
221,-0.0787597839034881,-0.237980587722327,2.03664288677628,-0.102764302829557
231,0.222233411368323,0.00796263218474178,2.47889359057629,0.153808968343197
201,0.398091405589735,0.319432119232734,2.31137608244021,0.140259217166519
211,0.101972948246105,0.00261238084651303,2.28900177163835,0.099971589344945
192,0.0882610369023875,-0.099303428531954,2.41367674395992,0.1256984314428
251,0.196986018285106,0.19578337321388,2.28849833784605,-0.245216769194182
241,0.0592262517976563,-0.0942973299374819,2.4604503022728,0.301060222226472
52,0.184144071743929,0.0724386387674648,2.27786139034938,0.136431489090591
42,0.00461909927941163,-0.203141567837835,2.26581719980924,0.0319549099653915
12,0.395984927223633,-0.0451354893077536,2.61207375849299,0.0974227784045588
82,0.227523223034807,0.0234970549667614,2.2195351597255,-0.0566647454600656
72,0.0443665189596196,0.0651926208363336,2.41007775829632,0.0384386185995962
112,-0.218958406353247,-0.138508038638507,1.88485633459826,0.0877063176562495
122,0.307222215636284,0.102656149420912,2.28657130160769,0.123277649587841
371,0.191522502860528,0.105347560465882,2.07297306062544,0.0831856362273044
391,0.206390696245179,0.339653941031248,2.07949952524805,0.293122700084351
361,0.364090456967694,0.305976465340529,2.37362634054752,0.16935356974741
381,0.406772417990901,0.274962488120966,2.38043881114132,0.267145058765224
351,0.245165239236007,-0.219319680374034,2.44825813729296,-0.0014776744682897
132,0.166573322403017,0.113927684446334,1.99388917135424,0.00443109477368315
2,0.0272985567631342,-0.176798728242379,2.27735793996032,-0.0766049205498486
102,0.31574737436568,0.505641946897729,2.12027452836919,0.00766550684477395
93,0.0384579796003248,0.0131409353310455,2.4984539873021,0.118016212120981
292,0.108364464485343,0.00962720280154654,2.25387995570989,0.0724405919425647
152,0.175454034342898,-0.0518691633227708,2.3924359278739,0.157141003160252
172,0.223894222386627,0.403419925655497,2.25294450044861,-0.0520162320745559
282,-3.74288106659782e-05,0.229143848001787,1.90943267282405,0.223576465218984
162,0.180743076291058,-0.0811117746615721,2.4516008905383,0.168986147902962
272,0.229960863984642,-0.281278850205346,2.38820467158997,0.205652649702931
182,0.224585543356914,-0.180891801716784,2.43324343730146,0.0594753296230794
262,-0.265533045264045,-0.0364230015221304,2.30184238633902,-0.00160485741176914
341,0.217745468686224,0.220969201734064,2.06033578824032,-0.0539428899299367
301,-0.0766309014603336,-0.183047318151136,2.49330124030503,0.131208168340135
331,-0.14635796997483,-0.1111685486795,2.16219033830131,0.202224140159561
321,0.17150007293447,0.187896171529858,2.04126796844293,0.041454672021385
142,0.278133807777065,0.114364005123625,1.91284924665996,0.140998396441769
311,0.293806280945971,0.222235768681497,2.23185067852001,0.0897074271259806
222,0.132808626599902,-0.219156344681009,2.65749013026836,-0.00151046719884657
401,0.0238119406516068,0.0862907872701273,2.30835543783199,0.153136538339555
212,0.386203379665096,0.442907731708137,2.14913176706157,-0.0400219656237272
232,0.132056810850527,-0.0564988520749267,2.17011077933911,0.0395408042818634
202,0.178249963887373,-0.151640262050074,2.36828503810475,0.175551246580741
193,0.220918391088557,0.366231872210701,2.42181366045303,0.023344368634598
471,0.492788070053098,-0.157696247330327,2.46702794911912,0.0618258800025956
481,0.0983966399179931,-0.14655803246473,2.56260232378013,0.113838900509372
451,0.0141084557441429,-0.016905774706393,2.35094489209018,0.0836774562082904
431,0.202709918531221,0.204485170419516,2.54399741676998,0.0909503717687154
421,0.0897673338864271,-0.0922593463509202,2.0255694219084,0.11651385663871
441,0.290470454643494,0.248228215726029,2.42944630912289,0.0392088726660067
411,0.43102920041442,0.229824136272908,2.54579279854128,-0.0239751388302133
491,0.346215515015415,0.192675950595369,2.32859386200476,0.153592409198321
62,0.106952023531323,-0.000937739901120353,2.22111101543289,0.146990267187176
461,0.0711298430543184,0.252410774342265,2.35430279612541,0.0434723664039572
252,0.125647895014612,-0.31263606375666,2.42677757868985,0.0511852466468755
242,0.0473145333817855,0.12089264509778,2.15695978132487,0.20743137607827
372,0.2347333922371,-0.0268694792607559,2.49877733512747,-0.0376611359613701
362,0.183283618363837,0.172048447797732,2.19437639275237,0.343542565740779
53,0.0737170566287655,0.148379888638194,2.40720186883968,-0.114039191120384
382,0.136736431345634,-0.126076503596286,2.1252819582536,0.108511516700507
43,0.135030986198626,0.0726926601647294,2.32527500802117,0.0793208395824904
392,0.363927407113487,-0.0245023044157329,2.29951358763706,0.3613083441572
352,0.549014637265019,0.303037767363889,2.79519349975074,0.051923432481677
113,0.0337367540371935,-0.0542093062398553,2.24839693895861,-0.0125515353351789
13,0.342240831122568,0.0524780629830366,2.16293757735279,-0.068964762504452
94,0.0802147563349226,-0.173715897147506,2.42314061775141,0.237458945583291
83,0.114585035821571,0.0193860449867446,2.05861835285681,0.0632522215684278
123,0.209850461749659,-0.0971010159327332,2.49194248605235,0.0305279230576064
73,0.214098581094405,0.241874678294044,2.23373278416547,-0.196935507695291
293,0.246818960222741,0.260033720200803,2.207767467856,0.0156406841168955
283,-0.140976080818153,-0.325227731214315,2.16012915412971,0.0920064142974494
273,0.136452265984309,0.0442761835840415,2.27576878140423,0.016058284878071
103,0.264050761111055,-0.0126669282318393,2.46433550261181,0.0532145483828327
133,0.180609179985584,-0.0132432733499541,2.16989748833317,0.142948500507648
263,0.0416982313319815,-0.136932350204576,2.52539228804753,0.154234307096132
3,0.216084299264775,0.0813439562176502,2.50915486224522,0.117068364297736
501,0.355714827217811,0.228241367945136,2.32114251095224,0.2312282794837
581,0.227833681213891,-0.210359383704286,2.2943998825085,0.149269859756493
591,0.445700901825482,0.142396509515684,2.53468491333008,0.187067239070485
173,0.162655862171198,-0.0211427377807432,2.42092394142645,0.0668294677968756
153,0.107899795028236,-0.26210942220046,2.21522523888175,0.12962924049497
163,0.168214694673096,-0.0325711361013117,2.09508793640818,0.139537850986577
22,0.123957478955605,-0.0831543943227326,2.30467726307717,0.122501619184204
183,0.105144661730177,0.0406050577284471,2.35375075847107,0.0990615216490954
32,0.145086136094954,-0.115526314751466,2.25672365777475,0.128782171897686
551,0.147955528951696,0.0323641122472327,2.21056927801629,0.291781053865208
531,0.247469590555158,0.325718019495819,2.30171228889259,0.0511727095348352
561,-0.0982277322582295,-0.00906561371078621,2.14339457863496,0.0352823253775321
571,0.255613620106634,0.0417127449901259,1.87248683357765,0.0513730272243325
521,0.208653589974314,-0.0809799577725994,2.51789156140673,0.102142569833654
541,-0.164221872100805,-0.0335700981169612,2.22540808039381,0.0733703531939471
511,0.0648343811537242,-0.0804294150562464,2.54738918992505,0.0771853652351548
402,0.255649272285691,0.0705698847081626,2.34184316876152,0.0470759178202629
194,-0.0714289949513626,0.0529601594186835,2.02341742284798,0.28803170533673
482,0.191191559697845,0.141191110759574,2.56416645874164,0.215227355396627
223,0.0473947711916713,-0.104427109525561,2.35845721833819,0.0490681542795405
432,0.0878014105056033,-0.0762499746890852,2.45210199130233,0.204970386565202
462,0.283475031140912,0.000800913199934856,2.57159667224262,0.0493694759435121
213,0.0876859879379556,-0.0867863964416517,2.39563348259027,0.315451432290262
472,0.167175609041125,0.0815530564772479,2.32992638691875,-0.0494874007983855
233,0.0464545401385384,-0.113167840888769,2.15414859190263,0.217354946806725
422,0.0132033551328865,-0.200909441914703,2.30703044301323,0.0534279683006752
452,0.0238289136713674,0.0263654775379162,2.18759009286604,-0.0310135814053756
442,0.186349914838636,0.383592646096317,2.22165841967865,0.164211855305819
412,0.193440026801183,-0.00236774101297777,2.66366057707372,0.0208386951746118
492,0.101258046727843,0.121218258943873,2.27987911072871,0.207350588019341
203,0.0648436663475921,-0.0819497356054057,2.28719106351951,0.259332826966087
342,0.16689583729126,0.0764336413241032,2.18540292286378,0.145665911992877
302,0.0754653417124602,0.205974337459277,2.23944200836663,0.0711384754848564
332,0.135627826550716,-0.0753474922865485,2.12863154873106,0.234948650001157
322,0.0804254682763897,0.33358997699358,2.01493185844787,0.190845414490304
601,-0.0727645073481486,-0.209959281815507,2.08776212367786,-0.0565209334920398
143,-0.0136729218538773,-0.0827997832223747,2.23631278119509,0.299051411352878
312,-0.0514454373418839,-0.141149428918355,2.18167109204145,0.0372822210650122
373,0.391117536786613,0.060220923684359,2.30916553187099,0.0870203312406455
363,0.380475995814185,-0.023916286307407,2.27911330457295,0.0517685467051712
353,0.315078297486969,0.189992470109993,2.32115343543063,0.0680162238318748
383,0.169775894433653,-0.154626682074319,2.44993338097546,0.323173421330351
671,-0.0206318014835091,-0.287900264102979,2.31082081619498,0.334434847831132
611,0.570727208055151,0.552883250433887,2.61113521655826,-0.0687501906112748
641,0.138141418195132,0.0226703913840234,2.22928779070639,0.213391405256393
631,0.191301737707248,0.301553061077071,2.61762689676168,0.0578544116796154
651,0.435463931311377,0.238775498541258,2.74539547889048,-0.0491360713113432
661,0.210528479089433,-0.111883497004359,2.02900466944609,0.110858189146273
621,0.169047468271373,0.0366504598705955,2.45076695966638,-0.013725636614332
691,0.407133590759505,0.247286748833418,2.40731142189776,0.302311241689911
681,0.0461996779340807,0.0615475690655857,2.00511361930316,0.360025037445384
393,0.0790468616474565,-0.134819110145212,2.59744143944917,0.0277259014796644
95,0.0537163022138485,-0.0503195809661795,2.22556493111536,0.0468807315876992
114,0.227894617002153,-0.105627354569579,2.16397867775866,0.177150534828313
253,0.310098859857615,0.214835918085029,2.12741870241977,-0.0607636103718033
284,0.0131873705103152,-0.0186377271086546,2.23444469629172,0.26625011474643
294,0.268193020476438,-0.152844312128051,2.70258836930438,0.275345402913208
274,0.431478637161281,-0.020084155748075,2.40079875530545,0.20303982648765
243,0.205140150430642,-0.306779597123685,2.32440020584911,0.107580814458824
124,0.331535049120668,0.375081972986238,2.22320034360876,-0.0728348650225621
54,-0.0136161065444853,-0.0784569307892707,2.22297073130807,0.0100660022121627
44,-0.114889664890681,-0.044513112815432,2.18331207395755,0.332724604393695
264,0.251604419689819,0.0907863868692041,2.31656727569225,0.0240731101724231
104,0.0826458765532902,0.148317438912013,2.22042894719754,0.265541756210657
134,-0.0640606775634589,0.142445254485296,2.33420460670975,-0.0634939618207574
14,0.264731550863603,0.13945975302678,2.70052129469083,-0.0832536085844178
502,0.281791184203066,0.211905664142192,2.35553795712154,-0.0994691721093796
84,0.238413244500176,0.0389730189884255,2.23556222861015,-0.0303328603221426
74,0.156137746565214,0.26126069395788,2.06489879481235,0.0890261732423342
701,0.0668081226074002,0.228081394460178,2.20858930076321,0.167026993046942
403,0.313688940335955,0.217300518228414,2.41558137415734,0.0970845365710147
582,0.252961126290638,0.252717902710082,2.2466631402752,0.104299572671653
63,0.272291321750427,0.235563918132142,2.12266236417593,0.0174522467882204
741,0.229370882698168,0.330403253544286,2.4612359675716,0.0668746050424305
592,0.406888659563388,0.131592474825403,2.5343747770678,0.00498076193765922
4,0.277964044472336,0.261717883066723,2.1923355731251,-0.0119520347722335
791,-0.012694261061802,0.019147619477843,1.87119456381878,-0.0223769547220027
781,0.0623050040956271,-0.383914740151521,2.065858586774,0.174780120785415
731,0.0540561873189537,-0.030037694058517,2.2113350953224,0.0253546335301041
751,0.296937710777201,0.273233387104921,2.30453009839472,0.192105956437515
721,0.486867651236006,0.366277675651481,2.41214076271471,0.173514252507674
771,0.413785270369727,0.22501004477699,2.2468886809056,0.188196495042644
761,0.219125069477456,0.127811245344569,2.21106667242295,0.0163589885808674
711,0.335047645696355,0.268526973282558,2.19460042676559,0.255735833503114
174,0.00112809221805507,-0.511368717433227,2.29757054816423,0.161640205433148
195,0.203285671142488,-0.0862122756342399,2.32802965645319,-0.00254023328759292
184,0.153025892125268,-0.261144418727335,2.36510914644216,0.0744450866923678
154,0.10983052681971,-0.0469592542246365,2.27600048389878,-0.0580300523925732
164,0.146442125723487,0.0983032790509435,2.45774804503514,0.184059228919845
483,0.135327174893167,-0.133548327454761,2.24610932356961,0.224009989967806
552,0.477598898130928,0.472258924147435,2.3960023541511,0.0651411714690413
562,0.330098153710881,0.337683691918093,2.4587821913876,0.129101579315665
542,0.212584159733893,-0.103947987267617,2.41672621321518,0.113019128012377
522,0.342871988169659,0.147458058857424,2.20384414497708,0.250286155716882
532,0.666110586223256,0.647103580335039,2.28800323292239,-0.0433422675837704
572,-0.0674796238272635,-0.142482473757391,2.31110790649509,0.180729712375603
512,0.288690628695928,0.342262877513369,2.17916297360405,0.10831569926357
602,0.303490385228082,0.436229528421005,2.31348173378251,-0.0125499532373011
433,0.0405805817227967,-0.152159824641057,2.62040858774363,0.053263454635594
463,0.172739789284499,0.156961086656136,2.25475782736545,0.141777856964744
224,0.323725220155618,0.104867126962045,1.91859374633776,0.350012995215518
453,0.34536420733385,0.22463026589302,2.24818485773375,0.0499324861663342
234,0.33535731426382,0.23295490870596,2.2722698635101,0.0936715085608858
423,0.314041609856532,0.0670152801620878,2.28088528955207,0.22729069649449
473,0.342277705284002,0.307689105551248,2.38818771221397,0.0933425784363618
443,0.289505891988913,0.0905773842766177,2.35117089971505,0.0357641178202283
493,-0.0229721438831894,-0.48572328915338,2.37398890527314,0.146791560365281
413,0.158131840079866,0.0745385701401262,2.23754212290042,0.0594314305631342
214,0.244785485458615,0.302698654636826,2.40736765611068,-0.0556201369918483
374,0.186417994510351,-0.10922345910103,2.24768956311737,0.108721779133205
354,0.00572321033502428,-0.0998543709425665,2.21990404481447,0.205095449533514
364,0.0615491361117795,0.0350236743564002,2.35818721252547,0.17209683324395
384,0.173774351924671,0.11228736292089,2.10909835606249,0.283433018512909
204,0.206677966444524,0.124196299853693,2.73168297225754,-0.0574143031455537
96,0.161140020178621,0.115854761613601,2.41143740674009,0.117906528419472
672,0.142316987527683,-0.0708074869161693,2.21183205675666,0.135250400617812
612,0.0773684229750873,0.090140271511227,2.58403422672568,0.288307816912538
632,0.234870237488795,0.416314426596317,2.45481341420924,0.0448880376832373
662,0.527918780871079,0.304484689836542,2.49295070500798,0.161925029151972
652,0.179291820153218,-0.264931352302455,2.60504048144246,0.00702193110787213
394,0.191386746746847,0.343104495095997,2.02891089078634,-0.171548528970599
642,0.273925112350434,0.0846501519825227,2.43064851798792,0.160937577859637
285,0.665643778343602,0.453702157726499,2.37593199062284,0.127770481085784
622,0.104100101154492,0.0820821905932819,2.30865736516234,0.00102298907692159
275,0.117805476673299,0.168644781265577,1.92130722185489,-0.0397377019374921
115,0.0980821488079734,-0.289827389587931,2.37434385942752,0.192984765597784
295,0.12762716110824,0.16352194989317,2.04782439325397,0.144503089704122
811,0.484718839708264,0.0890344754818694,2.67113760355984,-0.105333344331242
851,-0.0385526467386446,-0.0534720098148269,2.42400071247567,0.282218823861505
891,0.327528821224354,0.139548717750996,2.35836998144453,0.0442344890474025
861,0.297929266143789,-0.114233539410477,2.22434240997646,-0.0366462528074473
871,0.183792746989374,0.03353048544476,2.11346986287864,0.0346412704225346
881,0.232191998383546,0.0262068217112861,2.29960814561357,-0.0194296686621497
821,0.0929274277570424,-0.107222527104675,2.35909069618127,0.151861805400032
682,0.208843875517347,0.0967871530537456,2.43239077443526,-0.0228601688223647
692,0.122607972482772,0.354766552746481,2.39508403936112,-0.0315678883929555
831,0.481593770658933,0.194261099232226,2.12196364111279,0.196841816703134
841,0.231879346129834,-0.197600244554895,2.61004190477083,0.0244504943650253
265,0.256889973028871,0.28828241944845,2.34529385490672,0.222071920234074
144,0.547834543399751,0.454429049040531,2.33351677951971,0.0664366119910013
254,0.341486260648499,-0.0496142711199795,2.23432846057951,0.0882205694806324
303,-0.0386973268573556,-0.39198357403791,2.39468650553895,0.178886674422558
343,0.181510393583892,0.07080686988731,2.31786883561068,0.240586202297239
323,0.315710650166764,0.343764147018829,2.19675948576548,0.262543727733341
244,0.278209245712927,0.266849683442855,2.20811110437453,-0.000641702094827919
333,0.123226262407775,-0.200051235950157,2.57053456276769,-0.0219712124499341
125,0.0637373171977293,0.179536594114132,2.27502790344235,-0.0196989933616964
313,0.585392026386005,0.503447038304744,2.18697150134753,0.193660881334584
45,0.169909377995128,0.220210039510065,2.18472693140833,-0.0628190557250169
801,0.382830110425992,0.0987106119874592,2.51056303542747,0.11108418239493
55,-0.0204835277539821,0.0548105147815505,2.25704847495068,0.130013522733464
404,0.431473808131248,0.458052214515342,2.46121768763744,0.103621499766796
702,0.299741999575769,0.405265129134534,2.31483089494672,-0.0653439665918224
105,0.111886874601454,0.0502665212877921,2.4877905334414,0.243038433066999
135,0.221032563905595,0.202073093411361,2.29998959703035,-0.164536103857827
782,0.244985432802712,-0.242909334810568,2.49070352761678,0.0913972148060744
792,0.260225536895228,0.126803958917318,2.05574924428249,0.000567454236865147
742,0.215451869378924,-0.0687889986757308,2.33323517903573,0.118453233891521
23,0.272029002064651,-0.00361681959553859,2.39468016826711,-0.14913317015112
196,0.113124161638292,-0.272914464565224,2.09314304420303,-0.0227531477930958
33,0.14067719492212,0.00600033052484914,2.45952344749444,0.157857799227689
752,0.260682333075018,0.0716099686713457,2.43443274966435,0.112319220193509
503,0.22445358275142,-0.032418833071558,1.96823237535989,0.152993795737306
603,0.240769353214679,0.204328735106728,1.88856687152523,0.143924371201153
762,-0.0417362807211495,-0.086797141136672,2.45004019550356,0.0712404480129725
772,0.0210045457097825,-0.1270772257269,2.27318942509897,0.00878706817521435
732,0.31944415508739,0.22959195101085,2.34351113238273,0.233939422619287
971,0.318708089109352,0.122497840023583,2.34481969879284,0.194087286701458
941,0.200094814511872,0.2300568044454,1.96622408364401,0.133866266142562
921,0.0543247960707967,-0.332672722366225,2.54163280413803,0.0141763035598638
593,0.0791644118294777,-0.159946199212108,2.07671938847312,0.0659637030068613
583,0.145162418800244,0.259959744085685,2.33641989202617,-0.162469499952407
911,-0.0986339428485301,-0.261023954948789,2.36460975053227,0.0990567404109139
722,0.129864990632935,0.205285492757489,2.11348583611117,0.0551222268807565
951,0.10722662923032,0.0410460603055502,2.26351914131767,0.162770394644633
961,0.535051802609653,0.0863102209294957,2.40766048542776,0.127211169819305
931,0.119716208588707,0.133654110643496,2.01895716770526,-0.00157275574930292
981,0.305767064551036,0.24947451036456,2.30976262885804,0.0745574611578102
991,0.158324161008395,-0.312022977731179,2.2911041602984,-0.052713982241117
484,0.286391677353692,0.143405139274919,2.39603413907707,-0.036144948485206
85,0.224510942269901,-0.230758336400989,2.11402832518114,0.130738628231082
15,0.074011317107292,-0.347819071376089,2.16274681367426,0.116469387920476
75,-0.0789003736711235,-0.206249697557305,2.43440252892951,0.321187335998625
5,0.0829565621607903,0.141348189724309,2.18020819877981,-0.00103271173629599
464,0.123935901232014,-0.0432577356755492,2.20732334370369,0.0544514072979959
434,0.222979248671949,0.0618144779293214,2.30158733878968,0.0930039939388995
225,0.318662062925516,0.422021563079496,2.05817777740058,-0.0297844730864743
712,-0.0234253925262029,-0.20701440252824,2.06999256646402,0.0383349618542779
424,0.221220834773651,-0.00486028989475777,2.58375142266966,-0.0063978989717243
375,0.0418190785374619,-0.207042649712938,2.35561208665051,-0.0179744385646598
365,0.207179124288484,0.185645387928972,2.18340666924047,0.198982619796401
355,0.0741131168117015,-0.292859025000169,2.10102955142526,0.238394815436261
454,0.00597887720734247,-0.24291090725891,2.28591317036283,-0.0320427596376545
474,0.139368829864909,0.281555236081205,2.0169024261823,0.202058777644142
444,0.153476286345013,0.0747569133204609,2.21656820868487,0.0989789164489903
385,0.236157757795387,0.119216366502407,2.19459642314059,0.245257993238118
235,0.186219653579495,-0.0211871347301868,2.19228691547842,0.0162330558414598
175,0.216055478266618,-0.181847730055672,2.61391197131889,0.148678459299621
414,0.437101833893512,0.0114417573379288,2.38677744020784,-0.08053841955054
494,0.159512357717668,0.047048148362072,2.14476535684906,0.297484363812154
185,0.450211621180663,0.00913201413052407,2.24817473411682,0.0504361610050155
155,0.0484827215670557,0.124959260257916,2.02001118788303,0.142743058289995
165,0.217365333564316,0.397575351542983,2.18884458496189,0.117040641438389
553,0.0018319473749306,-0.00732015495164183,2.49080750427238,0.0374007399185642
97,0.0485965720905516,-0.189150406189806,2.22988313426446,0.0822654713808645
533,0.22292439883509,0.262686905179839,2.2661594958933,-0.018466300139406
563,0.298288914756485,0.00840021925539809,2.74309437547192,-0.21390997428637
573,0.451924529323179,0.0590810028267563,2.22727787939083,0.176525628579361
215,0.251046177813617,0.134946915761676,2.42243974887402,0.0154648982689275
523,0.332879266863459,0.131974807394308,2.33852420827716,0.156030394561235
543,-0.127156400745606,-0.140752101028109,2.2804922819653,0.0687756697336904
286,-0.0506240744878816,-0.43940101608792,2.4912781823612,0.00508062161111406
513,0.424518339028551,0.37567373571429,2.43149036711717,0.0720059356227947
276,0.223951390925051,0.384312899780756,2.010438216278,0.113676623678064
395,0.109865774338437,-0.303538804897216,2.41105652413594,0.215969549429699
296,0.174048161677503,-0.253725248647959,2.39416928085868,-0.0322900399688783
901,0.104579732112257,0.258182023065665,2.33189553699005,0.150449913737148
613,0.431394277194613,-0.292339397274857,2.61054737749539,0.110049918876203
205,0.242857314818417,0.156515786441006,2.54850677240069,0.015357453588145
812,0.359420843984349,0.383787986581538,2.48711326439217,-0.0305694006769289
852,0.427559239201924,0.246209420640598,2.46786595274808,0.223256939445395
623,0.0886348081237342,-0.0584222168788266,2.32912779244303,0.0564038928669188
653,0.135577111882248,-0.158200966734637,2.1940685502133,0.0998604481647804
663,0.262136763167879,-0.24093175540296,2.6295322235096,0.195835106976793
633,0.266041868267874,0.317242875856951,2.20912475532468,-0.00769729184847254
882,-0.079331006235557,-0.0771007341469964,2.51174059798334,0.194093379834474
673,0.278597356559581,0.268170095998987,2.06663172931358,0.224067724721576
832,0.00526042168513176,0.167512563379877,2.11600315357092,0.0841583626050813
822,0.439714714387273,0.382824904382066,2.62125298928013,-0.0411155383646117
862,0.274108681718349,0.306334840793408,2.38544240804274,0.0491564218928373
892,0.257631199747054,0.167829331057526,2.18319496470362,0.0692319367871509
872,0.39241280587835,0.291699253461174,2.33496925416949,0.0339722532536783
842,0.262242876416592,-0.206194332204603,2.36241173959594,0.0427637987722228
266,0.252484656785854,0.186678034115207,2.57203652360716,-0.0364971870923444
643,0.247317017485557,-0.0219991162369414,2.19559043556147,-0.0160308261465399
116,0.328249096137286,0.0368924329415502,2.41914478856271,0.0743616465400508
64,-0.0810688890243794,0.0077016412494168,2.23832347127971,0.178641731718844
693,0.350900358173491,0.168160192238417,2.14725601865736,0.1418224183078
683,0.385804162028624,0.38304813979437,2.46305944806183,0.0781433645999063
255,0.168811144870566,-0.0564238891511911,2.37649381088841,0.215261731417721
245,0.187188154793145,0.341555571689557,2.16524562865745,-0.0473866252748519
703,0.13570960791658,0.34218609709456,2.3386806892203,0.179597294328029
126,0.244834805156917,0.201145951393884,2.44528585205161,0.0699658600994413
405,0.344933059494702,0.00574877510250431,2.69068247213818,0.16605241426274
46,0.235795848462015,0.0280692796384609,2.37164613518121,0.248413402337817
743,0.27630377166809,0.0420048827724634,2.62484348854604,0.0387265754085863
783,0.264726237271952,0.0065533691339039,2.40903528778961,0.128280568429553
793,0.202170627460794,0.193913481590257,2.15350267985318,-0.0591279044673414
145,0.0687213542919159,-0.0859643186612772,2.17904620868382,0.256978355554614
56,0.294778223454201,-0.0835659869777491,2.36843651637954,0.00601177275351915
106,0.294012692382042,0.0185208697632475,2.48680551976295,0.0967353912539485
197,0.159415728667964,0.248574777126585,2.37235284471904,-0.0611619535694237
972,-0.00418655257536961,-0.159443575492061,2.40246214296679,-0.180086528126792
136,0.145073281353023,-0.130531834737977,2.08219960198866,0.107306253536104
962,0.301489650351507,0.473152874895577,2.51835658291728,0.0425753498970287
942,0.0181482248052699,0.218765316816413,2.05624417889281,0.242299699253193
604,0.429698320194282,0.410577469842179,2.39551145215328,-0.0643556200917226
992,0.424747985996968,0.361272571086244,2.48569753667429,0.370470105396203
932,0.329602467929643,0.00501686891953801,2.29150032965059,0.198474795064004
952,0.278441355003262,0.0402068355151914,2.52125450658298,0.0995275915701369
982,0.274023966999237,0.492607565223784,2.21535406016576,-0.0999638899879042
912,0.193025261457985,0.113587387785765,2.43785405596207,0.0675714196062979
304,0.0507016320071486,-0.0756104357254682,2.71567937649821,-0.0200776528746019
922,0.120184326676393,0.201525758050383,2.36731531293526,0.112466423559762
773,0.307102668081536,0.328396668123074,2.49834363425192,0.103335258179816
376,0.156339759984382,-0.000950250851735606,2.26617556940587,0.282488345785989
366,0.150904949054931,0.136240132644993,2.43079833008543,0.171859555370887
763,0.20627700501269,0.0760973983175062,2.50985578922366,0.279728216512754
386,0.332752809967745,0.0728602871499971,2.5479094703523,0.100634654917434
356,0.347420367405924,-0.0616161035852904,2.02087397927305,-0.0804479886682473
324,0.0730642264157047,-0.00122556223195239,2.26565986761789,0.144283924986683
753,0.237351713402915,0.407996374003437,2.37145704977264,-0.0523452756984292
344,0.553520806953387,0.345948972872763,2.35496420881461,0.004433556540181
802,0.186446047360677,0.147785750596307,2.54747832464912,0.0502257653478043
226,0.506119128281134,0.162429486883581,2.41488073851616,-0.0540339476520812
435,0.295961082309926,-0.0172988933141864,2.26236996208791,0.231090723117344
485,0.0610334176717207,0.26303683907782,2.17047402722796,0.0726708346322187
723,0.0791841139535871,-0.187334455145862,2.35561492661384,0.269755988088237
465,0.481425276821206,0.2057315390572,2.30259873981022,0.0921586205372544
733,0.0805929463753018,-0.113720560585276,2.6488999252713,0.161591814314527
334,0.278969562999534,0.0747056463814308,2.52870955921844,0.160206780555931
504,0.0104010487436975,-0.159526676550598,2.44970151296391,0.107129780776677
445,0.0759564334102951,-0.0735354656761906,2.46853719198832,-0.0494798116992719
314,0.208129827611278,0.138836462537577,2.44749462208201,0.195044667927345
425,0.176492087501879,-0.0560847285111311,2.20185772785389,-0.0524169839318151
475,0.297011304350631,0.0986587957589123,2.44796093128308,0.0875986216920475
455,0.164093218278734,-0.485861205761337,2.38358856846388,0.146209378270126
415,0.0747670941679077,0.0485921366927523,2.70689261629331,0.0335398061642807
236,0.0590977913384453,-0.241504423847531,2.37767751783567,0.00725063995751162
584,0.414759066981668,0.323447481855343,2.40222306987704,0.0556973351510388
594,0.143371553435492,0.189040637352841,2.29995105528565,0.159174636696229
495,0.318667655511972,-0.0575941782007908,2.32347719318363,0.118248751908418
287,0.222860937547867,0.0753800574423228,2.49540763782916,-0.000953709538593783
76,0.41128564768905,0.252382107618342,2.44876020457631,-0.0194028848673457
6,0.0263653944512873,-0.0478536739518263,2.4519566882221,0.177906016096459
98,0.121441669112613,0.139317482685462,2.12006285328839,0.0223970236152397
86,-0.08444440389285,-0.295604379794372,1.97276607411844,-0.0804546810563312
713,0.331109709839951,0.080989271376821,2.02746070312219,0.16517659994544
277,-0.0434217230549245,-0.265033788584141,2.40036782750814,-0.0349718034126336
396,0.132086214392753,0.137306139589557,2.12916097152128,0.0444483765088028
297,0.178149706225869,0.156487561357982,2.57119513647173,0.153350261305915
156,0.313759027306145,0.0761527486956834,2.3164445580038,0.0423105864238686
16,0.0671171525627471,-0.139197160619574,2.41171210731448,-0.0588173503902268
216,-0.0601819356944004,-0.12528470136182,2.36381917290061,0.0938710479181161
166,0.0946286489080765,0.0325598533733226,2.39243768006214,0.187828173849936
176,0.298045248072638,0.316126781850779,2.39206126591711,0.115564051173688
186,0.174340930638875,-0.190926696612197,2.12628763400955,0.196479299305546
614,0.10689077423708,-0.118097205827962,2.26242418443617,-0.054002703014607
554,0.0404892121052957,0.00889718237695052,2.06085888672042,0.450508689416604
624,0.0813397516694866,0.177806234145823,1.99375372512331,-0.0720375192577332
853,0.228866754169377,0.25278739379009,2.26528495136482,0.310231012601513
813,0.169421983301505,-0.0177627607030777,2.19979607546648,0.00880543251798467
883,-0.0643496330018235,0.222985079410854,2.214586180476,0.0767808579044567
664,0.308651862134341,0.12897364831217,2.1033094426923,0.208803990288709
674,0.162645723911448,0.00738046324708111,2.23767508089472,0.104411673110571
534,0.255055780836598,0.0639242546711778,2.38838251301673,0.135817318012768
863,0.31211409047681,0.473077154177858,2.41356037189597,0.0348695684813063
823,0.218334701299091,0.088403106567322,2.29420546721432,-0.0840889125820746
574,0.286331943430203,0.11696661426491,2.22082255430106,0.152774931397855
654,-0.0803964605143429,-0.0700870328573816,2.13397614151872,0.184350787495039
843,0.287987863138213,0.105131390463582,2.27247768554705,0.0687589827445172
634,-0.179922379813837,0.0738294882290585,2.24504537737892,0.230413994299568
873,0.236319458194111,-0.0892911449911982,2.32621110742758,0.173477695885559
833,0.184121408972991,-0.0248772751747972,2.41012709994924,0.161038423060081
893,0.346200268438082,-0.0477397145608477,2.41173270574759,0.0828204604112756
34,0.206758482685796,0.0880443974981049,2.40728877123578,-0.022696869970376
267,0.104562122028484,-0.0495898169684667,2.0626809453148,0.208055387617676
564,0.142123413223722,0.159399531488523,2.35057149395952,0.237245343776683
544,-0.120192570534967,-0.522537907867674,2.34877983023394,0.113790735697892
524,0.265156860261997,0.135582498568572,2.12115304271159,0.0405166776576547
644,0.261096822899855,-0.293975006685099,2.1759896062703,0.275397044808793
684,-0.0533026670507919,-0.118516712180954,2.10978883964217,0.119921015179793
694,0.220509635476606,0.0227202774946933,2.37226586340383,-0.120921643686225
514,0.0223240702551363,0.039871862541999,2.25708688960611,0.298348337775065
117,0.335201297057581,0.154758348671253,2.26166423384755,0.104040440443437
206,0.0166902846758472,0.0217914394780356,2.45559350549584,0.0640568221692453
24,0.284905488296864,0.268495481163302,2.34181617893318,0.0652578428042198
704,0.496066700275512,-0.0986368225680623,2.42199541386202,-0.011198513116592
256,0.26095829336994,0.0334519354103404,2.39581120055961,0.0237609835872017
246,0.0481286717524738,0.254597456358642,2.24380394174739,0.181729702338992
406,0.436287585469482,-0.0625650094050671,2.29758800698675,-0.00589822862280269
744,0.02146611184601,-0.0311490677112808,1.88704350431122,0.0558827785873559
784,-0.205775690122637,-0.250264822222931,2.14089455282754,0.252203105544855
794,0.263554475040028,0.507174851537143,2.30924718978446,0.145007251470822
127,-0.0811484585239896,-0.0697131299771883,2.33457715514421,0.184209783214366
963,0.24102962784429,0.212150219117814,2.32013140394524,0.120477830516328
387,0.0763800505625625,-0.0314170458806076,2.16493068024917,0.0292617668345795
377,0.041447543011392,0.311223516106445,2.28534613953158,-0.0702427590414224
973,-0.122129312841248,0.0227015111462479,2.04341312935188,0.0670578153359186
367,0.160817915853651,0.213119413823036,2.27305412486491,0.197916445691547
953,0.118395490830893,-0.114176313789663,2.254264597436,-0.104585094051763
357,0.12222035158685,-0.111568221306407,2.32866309546199,0.113629569988215
933,0.290367897851983,-0.0397153838751017,2.33108735443502,0.163046491534456
198,0.14118848324017,0.128257864419081,2.34802702338503,-0.187683542032381
923,0.261044178412513,-0.0063932606884736,2.25066573227172,0.114642032153927
605,0.177046415271052,-0.103964742269914,2.57389028919722,0.152513341016969
902,0.143689810005979,0.12521070699385,2.58057799953487,-0.0828908046568861
983,0.0392742716756742,-0.161866642578458,2.29273784800161,0.318403743521965
774,0.366890564385357,-0.0584358054768678,2.55103501799402,0.302646868949219
993,-0.149964259795422,-0.115983134630034,2.27512943283848,0.0645157391817846
943,-0.0860743509352316,-0.386479910920472,2.40152560896561,0.380503694495321
47,0.187530191474654,0.00164767112321732,2.51125412153341,0.0453307806501458
913,0.30057921612252,-0.0538536746266254,2.47585684832019,-0.0250806007886423
764,0.208638813667784,-0.146985007072964,2.13562767770407,-0.0222611550355669
436,0.300582518807552,0.169535159376591,2.42625869750916,0.168751217623382
754,0.570369451840696,0.369055710380546,2.24669220229322,0.0818253054038691
227,0.25959126263023,0.227300903711404,2.28449062287857,-0.0360540091924969
466,0.0988343853562398,0.029924427561801,2.41932106857501,0.227274505467795
486,0.168817114262416,-0.0275107774615862,2.308883032478,-0.28327188200569
107,0.249481296610273,-0.0865102291879957,2.16353230315027,0.243859489342072
57,0.321344768721376,0.0897201513942003,2.45865336368617,0.0263716371738769
137,0.107434686208871,0.218280101709804,2.53732905859277,0.0112768218414902
446,0.0914444285630958,-0.128687446789328,2.44364988084108,0.326810825555809
426,0.302412124988029,-0.020829473447272,2.14921244406046,-0.0184286869764798
724,0.0679429396408779,-0.251217988082432,2.61024081299252,0.129322811838708
476,0.226805040323241,-0.0377514371321955,2.30412075043719,-0.103782603808138
416,0.352637150138725,0.231009944246657,2.71107973200376,0.179775748855739
456,0.0402399679030054,0.0809558540847113,2.06948574162638,0.0563014221857626
146,0.204793011482088,0.0767569963887342,2.41571027115149,0.402724292812724
288,0.360529904791938,0.0596697809356029,2.37253349651564,-0.129722889695523
734,0.172004158117768,-0.0682333216938246,2.43199778700119,0.134924661521906
496,0.040167333234062,-7.74376670439732e-05,2.62005229588575,0.0473309852319111
278,0.322660361954058,0.175356694800825,2.35754549526441,0.156852595213168
65,0.0957838044813798,-0.0946225353154474,2.59322794056929,0.223391557363889
397,0.0834861484438743,-0.25073011614389,2.51736861793963,0.1458347497334
237,0.113964723903337,-0.130523692726275,2.27147252836083,0.0317719549970294
99,0.186426706052788,0.0916739383311284,2.5526634361021,-0.081863750610751
298,0.104252394736767,-0.255475674105161,2.23037657843896,0.0784969928981028
505,0.26511765639662,0.28274482817824,2.51640094695305,0.258762478702458
7,0.605018962650931,0.601041897364903,2.13838765088849,0.151832594031899
714,0.145994492715686,0.114575046992278,2.35157559254217,-0.0424394640650115
595,0.212314143425673,0.0399621735834781,2.11168004927356,0.335580073092051
665,0.141955938458367,0.113833945409914,2.52595888644496,0.12587789028522
625,0.206479240302072,0.131587095714955,2.3060638232024,0.222561053550251
675,0.321420357476246,0.503361748727285,2.10200563944399,0.0527219307076892
615,0.164158883285651,0.165994154708959,2.49873445606788,0.138579807800689
635,0.136924651481894,0.311095857825944,2.43368188524185,0.120418176413848
585,0.285368281904803,0.131327832935041,2.25964676005891,-0.0121860340323382
655,0.239378572178884,0.116868173916842,2.50354573764809,0.130748223675089
814,0.202592932138457,-0.0541269072084541,2.41699806296426,0.0118382473529695
803,0.296035819675016,0.00861051301489136,2.23129851475299,0.090826875475353
217,0.0568735460488938,-0.0133664399381757,2.30196989125884,-0.137433482618988
854,0.0296739739361926,0.102790682991489,2.25753930802326,0.113643213653766
824,0.236558059562145,0.0258376455542791,2.10703780745014,0.132845976303652
695,0.123109514475066,0.148669588939462,2.3851128511871,0.0473840010070992
884,0.229371857679533,0.098554552530506,1.84942900407019,0.2122554841952
844,0.536901784148203,0.351423290780268,2.57049667878173,0.310684137495613
685,0.272995222293033,0.0427402754707327,1.96234012296656,0.281878923954195
864,0.12147509131952,-0.104816674543686,2.32867721709998,0.122218257877662
305,0.22073871497982,0.141173550205884,2.42017539029247,0.0793877297865486
874,0.0830849387910202,-0.136846881373169,2.76458833471018,-0.149577406705912
645,0.408527847926192,0.333768859716167,2.15021671323135,0.227712362213624
268,0.159863915411622,0.0557131640343235,2.25077425129419,0.38358279374883
77,0.158125153052662,0.0585087925815664,2.03542003475487,0.128514549879241
87,0.340116774353797,0.257490221076826,2.33164501082799,-0.183045154806673
894,0.227230605010026,0.170827033595524,2.39787803988622,0.218055170426733
834,0.182614864437335,0.300216682813835,1.89877597023457,0.0792513838845578
157,0.352665996544508,0.112243337414095,2.37708176935069,0.0514246209114946
167,0.0848830638896155,0.152121360159072,1.92515356821536,-0.0993115757193174
325,0.0838906991675437,-0.118566750115613,2.36092768238755,0.0663940205600342
345,0.38401995807347,0.745342940378179,2.07587515505227,-0.11467504745496
705,0.143527184099457,0.0592339065660598,2.24651872818494,0.0536651992998594
187,0.173176394098139,-0.0381069841570268,2.27444539919998,0.154770933378426
118,0.393342370596163,0.13310235618045,2.33248230165589,0.2778541275108
335,0.312502190023474,-0.0105579945979138,2.3106348337212,0.0645370919163719
177,0.318846896549617,0.205069555795608,2.25623345843322,-0.0171305446232613
315,0.310143241295061,0.0559294084097397,2.59094825880568,0.231827947589895
17,0.173387444307313,-0.0148194254546419,2.206356661694,0.167045146345088
555,0.0428793846432221,0.192628274345264,2.027885273447,0.107526264487111
535,-0.139765435350443,-0.10253445848568,2.27267144357059,0.0962451132085713
575,0.123170683237042,-0.190989729812102,2.29971314727924,-0.0567455182433996
785,0.18269685909228,-0.256102457737285,2.41526100153127,0.16093449640951
207,0.00394565739884686,-0.139894870229436,2.3390922398593,-0.0708139574197847
745,-0.035751059075002,-0.074527047973047,2.30757903746723,0.170669887504633
257,0.105372691415369,0.0378469253232062,2.20146620467153,0.0348332692265734
795,0.254815030143636,0.129457660970966,2.35023711822119,0.141357575920757
545,-0.126203694853648,-0.174382006627486,2.0007578155723,0.010180594150685
565,0.16179441418827,0.0367268496406822,2.44875804600698,0.103859004626872
515,0.343582093595497,0.0606145763494743,2.45335170929919,0.303715701477731
525,0.406528989828727,-0.146893386395606,2.41542016344726,-0.0730685506715494
247,0.240869447035188,0.15537227685392,2.19458799142584,-0.00709386711027924
407,0.0424241818601475,0.0547546827174941,2.00143178816778,0.289536374809268
388,0.293053996919296,0.191130955949039,1.90200486162463,0.2270156042979
378,0.0654284171230565,-0.414521147186911,2.21516143940458,0.0988977779761698
358,0.0252669151899073,-0.0466801609858553,2.41168769036917,-0.161817012792421
368,0.103416563966806,0.0457334043696657,2.06205463249037,-0.0617224654980465
964,-0.0874617726514451,-0.260071692023649,2.25520919590549,0.0366629496006364
128,0.0691587907689689,-0.194942677937978,2.02089626911976,0.230660917610154
775,-0.0184625438421653,0.281581900540655,2.28137313248735,0.17853281080269
974,0.0878671648615432,-0.155687030065902,2.25910168003207,0.0110474293707098
924,0.0499271780314924,-0.120249968037556,2.42584021176652,-0.0421251761180714
606,0.29219997016242,0.194352112708467,2.10271201625411,0.010770746259153
984,0.0381026441777984,0.0370461928066497,2.25708382629562,-0.0803205515923852
765,0.28956215061789,-0.189408661786074,2.42481193145314,0.111593935111876
934,0.138621949889943,0.165310219571921,2.26846968455435,0.186818541610339
954,0.469582421188412,0.320155543780119,2.18405489915678,0.133602851169452
944,0.245727252501475,0.00611061091716026,2.19521331073277,0.219117568373325
994,0.22249626487499,0.0488911417017187,2.27977139713708,0.418128474121336
755,0.0965514185204222,-0.140211495279445,2.46494553835576,0.0533034745012168
35,0.228112695903509,0.325594649663732,2.48590035429784,0.115110518190879
199,0.425170218517919,0.366203974377978,2.30178609056477,0.15514828871129
437,0.207850805928399,0.315933495181898,2.32672212379152,0.106433032468927
914,0.419563277716556,0.265874180866656,2.24985723185744,-0.0754485725700334
487,0.130256508377516,-0.0453855751983294,2.34432808304852,0.157348941055182
467,-0.126733700336186,-0.120470640445254,2.03957602024766,0.201340809938002
228,0.292433811687996,-0.162622984616032,2.45497473869622,0.169587505674999
289,0.350547400945917,0.155244317770777,2.4012268487584,2.74695828089786e-05
447,0.111010829454062,0.0317219206937689,2.36423127105942,0.0592422317034527
48,0.0919650569474319,-0.0213646780562041,2.40655030091617,0.105424844230938
398,-0.158615009510831,0.00650390681111598,2.61344567168426,-0.00888826416205471
427,0.179755282769077,0.125889260558379,2.29507433945302,0.22435090128393
477,0.0749322078450921,-0.309120937969982,2.3593427189343,0.161557698303969
417,0.165292632725578,-0.0938993822123731,2.35722990112804,0.144648590305964
497,0.162650194542937,-0.00689726603623137,2.5471813214921,0.127374962234363
725,0.405381274504471,0.258827689797127,2.21468688358032,0.0309773050949423
279,0.144716990527802,-0.0789476113945045,2.43647731557122,0.188679841577435
457,0.0770640557224521,-0.0649620697585191,2.41143165341068,0.0440114790222942
58,0.269234835671828,-0.0649560419045481,2.46587659366606,0.199825074260945
25,0.186416557527311,-0.139741865566015,1.87981282345094,0.000313108581358539
138,0.0441381856368753,-0.160138131035161,2.5310508713461,-0.0685584832087581
108,0.0473842577284125,-0.299559590169785,2.33418480713668,0.144108865766787
299,-0.162555129681135,-0.163309933170735,2.03370071071634,0.226590664357428
735,0.0105701274783952,-0.342622115310657,2.21442840077412,-0.0152188887311751
100,0.373058815353166,0.133970747155626,2.10414714429952,0.0725378416584498
238,0.228131016515219,0.239276849947693,2.23447597934299,0.434600996497477
666,0.0581842576444767,-0.00697209271312819,2.24727700060863,0.180896615717293
626,0.160815442206562,0.245188730267605,2.10711038052874,0.103977395897529
147,0.303184613025135,0.112825972078528,2.4581814412875,0.0851901340773431
676,0.0031803248638071,-0.321965110585254,2.29446130241079,-0.0164804171785923
636,0.377321184966172,0.0267233659843456,2.59639395905419,0.0742552085074653
616,0.258117149175711,0.037625572456165,2.16826396711847,0.0640661686650931
696,0.0609786360054606,-0.352253066987091,2.50969819482762,0.10421806962165
656,0.125171892971583,-0.141488014294064,2.31347594867153,0.071098619078035
686,0.0502018401629701,0.466692571436569,2.24007287026472,0.125335484803782
646,0.404436445840481,0.213789077299394,2.5694637585718,0.0557706878553131
825,0.0880858989518186,0.268898623184321,2.05258050346218,0.276373156425812
8,0.0619696835632814,0.129888596397305,2.2218202065351,0.211636644631081
845,0.265524677379437,0.0264767093365759,2.18985723596049,0.113694281180771
506,0.242231091355747,0.253612526803953,2.17822530740058,0.140474670014567
815,0.223262320967686,0.293914724949987,2.33845242793289,0.00796214794087546
218,0.251390075094528,0.130490435572633,2.57922157931253,0.010297356495113
875,0.0358685530921304,-0.0242865408470445,2.17483330771004,-0.0762813702608128
885,0.409782209707989,0.43022882115355,2.61441727999497,0.0915470095907333
865,0.352834127100968,0.272886840074449,2.1572804192085,-0.0552438949628861
855,0.250791077915765,-0.256439706630422,2.26359054966809,0.0233972186557744
269,0.0303320312113873,-0.0984656838264184,2.05682679585045,0.222494956998088
596,0.320844476933018,0.244846065394636,2.30940824295102,-0.138445574408965
895,0.122396719254876,-0.0836056731016303,2.23120706728063,0.258562126978889
168,0.0808220080075481,0.115175531608286,2.44533407202915,-0.029268304941388
715,0.0541135900163072,0.206686313416085,2.19370828892069,0.153242096207729
158,0.133997706698351,0.0829479208507184,2.09698770692985,0.106960238979356
586,0.0477614622361389,-0.0317428970795414,2.13047173368198,0.145510928993546
835,0.152158182631086,-0.340497093809553,2.61801140410768,0.0537549904793715
786,0.350298154084152,0.292241434857841,2.30763085467145,-0.153663772449425
706,0.147497998968383,-0.170900278586726,2.27113449164013,0.32939703308716
746,0.272496740476781,0.207533297883322,2.35169651122287,0.134311253642694
796,0.236495331367656,0.245535359550849,2.32375817897319,-0.217910324050849
119,0.172627136332352,-0.0287892073764425,2.24921465094147,0.241397161395124
903,0.0820441232378635,0.0672727344844979,2.38705677906377,0.150746014714541
88,0.182273975813922,0.0944086685175943,2.40396291772245,-0.0180412405417644
78,0.133688766375938,-0.00613715312254436,2.26811298773205,0.280044486704334
804,0.0858892588500087,-0.0879111698050613,1.99530927397764,0.228659356542208
208,0.265911933126374,0.396716365161137,2.46865393877816,0.102584663001851
389,0.287305017324737,-0.121932733788157,2.27891985581032,-0.0592145028025471
258,0.312046522111294,0.0785121852982183,2.18096306586053,-0.0281464543199413
359,0.0330312679397994,0.212147390280607,2.35602049500496,0.161740829882991
379,0.312974978297065,0.398769382695235,2.20572166141782,0.231673185598769
408,0.116003039947153,0.322573583394958,2.23713032453075,0.199532361579383
248,0.0712659276064849,-0.00137379064208127,2.33729824825965,0.1652082009997
188,0.442421034932671,0.376407237912587,2.08504746337814,0.065283672722874
369,0.19276932040464,0.203235940525752,2.62507189993736,0.0816191144787896
556,0.115585817195478,-0.207764090858686,2.2147581620202,0.0522222487760697
776,-0.148889133904657,-0.144037541202992,2.57116166378092,0.199140316442706
66,0.0258900106036891,0.0766886180120787,2.07519276205936,0.308859273870793
576,0.141282506810102,-0.0939117570055504,2.19613762464849,0.243706791409476
766,0.00231662646492784,-0.158513854761017,2.43573196768875,0.00105543652336848
536,-0.0435410595009051,-0.438081156763208,2.52121414451018,0.021352050821289
756,0.150719827473627,-0.35404827698182,2.55644673754862,-0.0792730342005164
178,0.320500792724687,-0.0308948010353327,2.54493415233224,0.302360428906066
965,0.403805005220824,0.174038695675911,2.47300379544574,-0.0169893026774061
306,-0.0241620631155833,-0.482186207847715,2.42068542542804,0.195989280542613
975,0.0642049538026588,0.106099983027255,2.11960373340821,-0.045920492794227
546,0.108345148822388,-0.0845428713918013,2.36885869128759,0.271898554312927
326,0.18288736025362,0.0212318172646587,2.23626895990055,0.0342782546630973
925,0.219302477804163,-0.106554422877143,2.19776755903248,0.299023155121402
516,0.260560716462028,0.339032021612639,2.22340575122201,0.457182748193664
985,0.268924707837517,0.150366698857034,2.07897780781636,-0.00639762278623426
945,0.052908719613758,0.151041513451339,2.27380565185016,0.147035416242117
607,0.0329891546812772,0.0998170791231853,2.30170650662995,0.0738267751196526
566,0.196079470530177,0.0209010721656314,2.34572536871822,-0.1055737723686
955,0.370183808597014,0.0898664656606737,2.29710265797573,0.0799112033958185
526,0.424854182345793,0.117365278630478,2.34317439373833,0.111613749325122
18,0.331313714253534,0.212156788607072,2.65385965467409,0.259159277307313
935,0.155569983649531,0.0371750790227272,2.17678470566994,0.18394234277741
995,0.484335964535149,0.175337547582123,2.42122394480295,-0.039482883636467
346,0.14625553824824,-0.133401532947016,2.17506476033743,0.310080524601328
129,0.406460763469745,0.471262418621356,2.39061237972464,-0.175195946205866
290,-0.0464197218228369,-0.130869625037472,2.27467223474709,0.134612794499148
915,0.304277797962457,0.046376946452701,2.48177230137832,-0.0457471541876346
200,0.295769550157901,-0.0654978305919392,2.30952907280723,0.00138596524024087
399,0.203290880864703,0.0834968783419324,2.05291884579335,0.0101117298994592
229,0.104203436458054,0.261957216455373,2.18100180405381,0.146415412166858
316,0.165920852189887,0.0251375271127015,2.62046024736368,0.117446798664632
438,0.234407526760843,0.301345773851642,2.17894660709042,-0.00382251455635137
280,0.0736880213308138,-0.188829844366914,2.44635642759879,0.122648788666362
336,-0.0214184155717907,-0.132318172240449,2.47793327736402,-0.0273643051614453
300,0.127902492267323,-0.182384701848586,2.20455959189087,-0.0167163632187352
726,0.367104841164357,0.141384314155484,2.29765890557156,0.0739795444243291
488,0.217606634829481,0.224221373005821,2.7124822651159,-0.0904613232354479
468,0.429227101984348,0.271444992601723,2.18364328093411,0.219355589001198
49,0.164627381659928,-0.0793958692120153,2.45182377308927,0.155441032025006
667,0.145167132894858,0.363347660740166,2.32372972973965,0.148130688866956
736,0.205886136544888,0.106060786461252,2.50240756886761,0.0202161003274401
627,0.0863499992402001,0.0622482014822783,2.4438387935157,0.0999291881826765
677,0.142861828404506,0.220696055309918,2.28344873186242,0.259896226734735
59,0.0952125013086486,-0.105533584531289,2.31994606781304,0.211484726482543
657,0.397056635624945,-0.145768411207165,2.44564492744874,-0.0362330100247505
697,0.00204922602533132,-0.0811151126800685,2.0203823157747,0.0589168950499819
448,0.201800858164928,0.0994398996023984,2.42017947082356,0.338212315273649
637,0.209899985621516,0.286237195869704,2.41661809271949,0.101261608201839
617,0.12737198361815,-0.205826801153141,2.66913257278982,-0.0703284593353388
428,0.320100991285616,0.392852960156105,2.45920557988188,0.105982219221586
687,0.341765602943591,0.238907705439882,2.30775212114853,0.168429514306581
478,0.223160729668105,0.221692021669378,2.19936656570787,0.122456239299585
498,0.0949078695416414,-0.130144544520208,2.25902999725804,0.0257577991750322
418,0.279934091394452,0.174786969184412,2.13174333716751,0.166928735764549
458,0.429174985781217,-0.0470995599866311,2.59617124773321,0.00657616774519713
647,0.486595835056315,0.049915499874228,2.30014535588083,0.124545624191301
139,0.338683808743351,0.248615994088561,2.23105604741427,0.143191218055569
239,0.33084072921893,0.0436072449189741,2.55889937210655,0.0614910297975917
109,0.0811559555678088,-0.0973903606242229,2.36789986772673,0.0565347053980501
36,0.168160000441324,0.0687490629372133,2.19584445558303,0.209599360140791
846,0.196994261519085,-0.000486691659059372,1.91789622695392,0.0127022879050871
826,0.134342290491772,0.257740625609546,2.11255121135415,0.0678310486596723
816,0.117104188489599,-0.0243720210887767,2.25275970144047,-0.0295643373199802
787,0.122647366507372,-0.315723709700312,2.43563009546574,0.116756416738076
866,0.347967002922196,0.261302980183445,2.68995898019273,0.0257515991574236
856,0.28890669050978,-0.211004443836582,2.26466284440619,0.276914388659657
876,0.272888083293702,0.0841505381150761,2.57053017880732,0.101639115436209
270,0.430826019577508,0.503688437948124,2.25036938272299,0.105357258360359
886,0.198879329167876,0.0565246933806927,2.50594473559472,0.131843426224087
219,0.102050486747654,0.319289535596534,2.33690416189553,0.0117778484314541
896,0.129868920801996,-0.0152128439986527,2.18360281435887,0.12424471757676
747,0.261905700198041,0.0428740919417214,2.55077203657616,0.0737680066052927
797,0.0556421692948197,0.129542180880237,2.34211316390786,0.237238736568577
836,0.351482887893689,0.277958665285867,2.07048705326986,0.261098410501344
390,0.293010719604495,-0.203144805471925,2.39996274038171,0.0721484032738644
148,0.04999820827374,-0.11267897835978,2.29883164519657,0.0385359984277575
120,0.248813018883439,0.0568896745018351,2.66350846257965,0.12013074068641
716,0.058883295571452,-0.0034608157450382,2.33368671376483,-0.1473034402197
507,0.366304129716612,0.0687926590078931,2.32014895910934,-0.0652976005679368
9,0.223326734244313,0.0497829798393759,2.30772867644157,0.0336200798939848
159,0.358372199789928,0.311060770067342,2.39233519484884,-0.166205957699148
169,0.0575028890916396,-0.0185138917988477,2.40123285401625,0.187139199801405
360,0.0559375236988612,-0.0469131437819398,2.0504534402225,-0.148682374961643
380,0.0456874962243816,-0.256720360776403,2.21716524938327,-0.0477065267537667
209,0.0726154006451313,-0.20256948310626,2.19303208627859,0.186408429148425
370,0.192563830153575,-0.170233705374858,2.35571618927033,0.0719080147785729
597,0.52589963451002,0.329324949493064,2.37971427727228,0.0278462297686066
26,0.245478460000035,-0.133104778938889,2.2573466517352,0.278200985776897
777,0.302575523974296,-0.0331403599330128,2.36465842661804,0.234675828844155
409,0.492407997411695,0.25723570164803,2.3676181136421,-0.0314123070978284
767,0.238375312781817,0.079601956824629,2.22437787966645,0.190108288330495
757,0.173519281540684,0.00931865410825503,2.28106135985778,-0.0111859204283916
259,0.15563747662439,0.279534378414631,2.46691418493003,2.19015025589378e-05
587,-0.0854609940258403,-0.0841316045159502,2.14264558781831,0.228568596504166
249,0.220821013795737,0.207438221683958,2.20125779869135,0.0935600238536696
89,0.0883661063335093,-0.238372645379315,2.2896409168387,-0.0176580144962638
966,0.211585449994116,-0.0337108796304391,2.12782035382877,0.150213464160775
79,0.35999195171903,0.193673008417782,2.42242526421445,0.108527792513507
707,0.417921488487797,0.0578886844788692,2.55353300218266,0.154427600213723
976,0.202341555116158,-0.165837792048694,2.37408416879873,0.327151681757554
608,0.381044554161414,0.444545968863814,2.12209108610861,0.115500087308769
400,0.0411047770989908,-0.0169636709237496,1.89114070909143,0.0684407848588457
926,0.0672132490404641,-0.224006688479946,2.42411298520264,0.203028002925364
986,0.307847780576287,0.00433076445706949,2.50875724510433,0.227587151532478
996,0.374139893900474,0.162224373968686,2.27696264355681,0.0562143836848682
946,0.319903220348851,0.150955542461006,2.41454718545318,0.0932014311081766
936,0.270148961195175,0.277438264626691,2.2762127582977,-0.00642262314603888
956,0.391233951205178,0.199680170746283,2.0485950508699,0.368328159321079
916,0.185326772712305,0.101691100336911,2.13986026903816,0.0747439876555437
805,0.285024617468735,-0.038460686389369,2.22919740400388,0.0616562282151269
130,0.518987583125651,0.131533400276348,2.36732858207371,0.0407503497588486
189,0.206484543673271,0.3036486988374,2.29160276116183,0.0925136495613902
668,-0.0639795757579689,-0.0873301617077355,2.40278900974437,0.16792090049191
557,0.111714916171329,-0.439643298529023,2.46866750391237,-0.0749760704942169
577,0.118465459171035,-0.231379849618358,2.39298260345556,-0.0644960023421318
230,0.0282470372497606,-0.353240688639934,2.2864520733475,0.150670534009667
179,0.327809329314804,0.208751362003585,2.16521084685452,0.04630117405994
628,-0.142990450717569,-0.32942452010063,2.57796857380909,0.111698330232601
678,-0.0185093807802593,-0.0777302794672401,2.19607876951124,0.178755941487636
537,0.116480799312045,-0.0378994041228347,2.26651662494708,0.0786259743317083
904,0.278891786829957,-0.0395431172062277,2.42352139809966,0.125371633799705
658,0.495987155906754,0.228731999254787,2.41623044412796,0.104955618054511
727,0.000802688341381081,0.144016943136773,1.93767776178631,-0.0317947684999915
698,0.342397666477056,0.213507211685101,2.23551989216384,0.169861339614858
517,0.121680279912106,-0.117510189621915,2.29269159876445,-0.062363115738043
638,0.227185338720767,-0.0405702799174266,2.39297366078282,-0.129975987730513
547,0.270281088327746,-0.0914369705534998,2.82193415823352,0.0592541590529161
688,0.148998894207054,-0.149958130027806,2.19972380446032,0.183662011306246
618,0.192971696493007,-0.0537017927602892,2.32532132994716,0.0866310917928807
567,0.174074543659173,-0.0124963645980019,2.1512112232198,0.0337640917924437
19,0.150345697875588,-0.0483385682930836,2.37859981161407,0.168338683359034
527,0.133696587565476,0.136504584175534,2.2624664835258,0.0169309954695278
648,0.277193535288695,0.0758135549384267,2.26216772464824,0.128791410753273
737,0.238825492703092,-0.0271104780237988,2.63016162631994,0.0720858328015099
439,0.0602700426497389,-0.081661784213149,2.41092810975376,0.247905683877906
50,0.195630676943558,0.0455910600669455,2.18788739633232,0.161308160830608
489,0.186416452893277,0.252967016255758,2.37765521601465,0.020415124895708
788,0.198806438475554,-0.100394368409228,2.65234403977268,0.224548225614687
307,0.0533232555037158,-0.146016935306379,2.56312953364446,0.235418177208294
327,-0.0178436577596181,-0.00460303937196009,2.24409040236921,0.172932111366526
240,0.250972234840989,0.0507623820984117,2.46848014463706,0.0684307565340851
469,0.240841252101756,0.0709377780282727,2.15965729035537,0.0822625930612898
60,0.240885097862093,0.128896941145598,2.38310088932078,0.172220095195598
67,0.304791199103665,0.314021153045829,2.37836493582938,0.136151379719057
847,0.322051328112631,0.148413873230796,1.96642703406444,0.265305809327349
798,0.123732912511052,-0.130411744141364,2.26790294392242,0.0469116450519939
827,0.27104076377331,0.108643037314469,2.33003282134034,0.0869527626352304
140,0.392806510393859,0.17199650894138,2.28154576058014,0.100495796015656
748,0.422700560943053,-0.0352398572780411,2.78255412014077,-0.0215325284278097
110,0.129268121462097,0.016480848295606,2.22352197345497,0.191429872883623
347,0.317329608952215,0.0701219841207616,2.49719095391836,-0.0106140040177321
857,0.00764470300242697,-0.40948115560936,2.28369482395661,0.0445357387067389
867,0.0582826803048039,0.0417683158302304,2.42522693687937,0.0781811627427227
877,0.278816889592884,0.108747121252884,2.18515807625006,0.254628140911819
887,0.0643509208170034,0.066415571273841,2.26832039081335,-0.0520590712848079
817,0.128012600117421,-0.157164995003469,2.308584116101,0.0834082266087041
897,0.111177700247539,-0.114917518661687,2.39735531433278,0.0780571504923006
449,0.140870071621505,-0.184363784848253,2.04693256035583,0.265687072540784
220,0.241979194580437,-0.0578372587505165,2.507947694979,0.0508670619097151
429,-0.030170547167735,-0.00762870124392282,2.31377987960988,0.104763461019632
499,0.309874607491705,0.376360416860755,2.31897518484725,0.0893663518991249
337,0.0667103449358886,0.150800504177828,2.00198941874546,0.164023186741401
479,0.301679269181114,-0.0529414929974354,2.27708844679082,0.0729558506207661
419,0.174738044603191,-0.101645907518017,2.17947980846316,-0.0475704913616378
317,0.299191953143406,0.0602874630834159,2.43514790948433,-0.0716495305104873
459,0.31011925745431,-0.020639282769913,2.50310767086059,-0.0728672295569058
837,0.191319238569817,-0.104970096125508,2.41005264838639,0.0216229960345769
778,0.301211047778692,0.188777134082504,2.1480957178975,0.186652677866736
210,0.256037668240119,0.0400795392216375,2.40176046415398,-0.0683796827897332
768,0.449262865195131,0.0777620929321661,2.33854003622131,0.241233416473344
410,0.073383370515991,-0.0585216556157774,2.28622290424001,0.320226259386593
758,0.348096765584863,-0.134453649666803,2.6395492681387,0.123719068997449
260,0.0934276235234018,0.0334203752373359,2.22039341064309,0.211650157101124
10,0.319979270123375,0.0969867928975046,2.30775940644301,0.198200872932538
160,0.245081282769131,0.076657229295628,2.04110824439114,0.100794127625965
250,0.213800231372461,0.260818497480364,2.12561002831439,0.169621501524186
967,0.356893935510546,0.207841465232732,2.03741994772451,0.0393260982365444
170,0.274174311012153,0.273944945905105,2.02792254320328,0.142626542871389
508,0.170316174274763,0.0973974367914403,2.18309512413896,-0.0733563576575063
977,0.0425080629453885,-0.0176430050606958,2.40578399262111,-0.116402691931369
609,0.0835291087781032,0.184868841584851,1.90229721332479,0.0348627405486487
717,0.538874198937297,0.000901195887615437,2.35511534474908,0.0526203901040867
927,0.151400812256997,0.112371179132197,2.20291715497757,0.288017784989081
997,0.15778870043325,-0.0053401239230564,2.13324210053627,-0.0752974110453606
598,0.180456769471391,0.0278298721508902,2.53082800545909,-0.0578965861343537
37,0.00673066937189131,0.110045278531078,2.11961101886098,0.127370880834395
987,0.0774504757069301,0.127341812092028,2.38253403719762,0.0630969841207097
957,0.118819708444321,0.0343980134294987,2.03663717460065,-0.127132438146543
947,0.28029113557065,-0.045560686794685,2.30908553064361,-0.175439978642774
937,0.338866009292593,0.363546909219051,2.10455755586902,0.180779690254208
917,-0.0469858951027328,0.0181154724297837,2.24752626080249,0.0239066237314598
149,0.20398206766958,0.387529192843951,2.03242938265982,0.204538252874316
80,0.403095545460089,0.158929181534699,2.18365762736236,0.115947328594951
90,0.307474537523906,0.184862886454778,2.14190177460878,0.137407056407819
588,0.0939021528443351,0.127282253433563,2.19841233186757,-0.0371021010261888
669,0.0522474271806387,0.0471666074955472,2.03728757841796,0.156674072537482
699,0.167744996113595,-0.0205670134699731,2.14997704409637,-0.14401750844385
629,0.107260136555288,0.109898053262577,1.94148387223679,0.0638666483066911
679,0.179151594981401,0.0939345474186357,2.46338937953559,0.227368744237623
689,0.316043716243799,0.327446304990888,2.40564229581074,0.194180272755378
190,0.348238052903536,0.427751739125462,2.27278568908502,0.149967979610633
659,0.378367312134275,0.324885708813443,2.37043909163722,0.220045317963116
639,0.342585626924487,0.295418244869499,2.52603404301253,-0.124018048077734
27,0.0751583066720159,0.127252934325619,2.25070336886548,0.114080873693624
649,-0.138841649176231,-0.0616844995351022,1.92224920257267,0.165236186471034
806,-0.0262523315695231,-0.115728179237199,2.31343535057552,0.337079496477445
789,0.147524894149928,0.233691518141664,2.00251982183645,-0.150205196663924
619,0.185032910647528,0.0781628856896957,2.28519789273932,0.192527615888436
728,0.110631057527304,-0.25358329639601,2.37397105679312,0.211588547780393
558,0.44494789183584,0.434468864172352,2.18083462754715,0.210140261337949
180,0.394790683647897,0.259506252129102,2.18637754585352,-0.00682148711364292
578,0.216737647900975,0.2243910104463,2.22893372663741,0.0419897905310815
799,0.311806120885676,0.287403141627122,2.29783443954548,0.073182972994374
538,-0.0348540210940361,-0.105948863687779,2.36839540200366,0.0613233585673676
848,0.128893552055492,-0.185317262671072,2.16145569632704,0.110917689667417
828,0.179226672970462,-0.11816086579083,2.11519683329934,-0.0717947063300283
708,0.389988397835714,-0.0366493762223372,2.20986361910774,-0.175749838741628
440,0.181489079783315,0.192902118803757,2.33628752689924,0.301806858192728
858,0.194014792561629,0.0867609374659536,2.22783584357727,0.0996432605656549
518,-0.00345802459446033,-0.217408742382233,2.25381438559852,0.0890315867306528
868,0.200158037373003,0.312885431695712,2.23958010778261,0.227499177502915
548,0.364776975713924,0.457650761920163,2.53251182558262,-0.0937213680980983
738,0.197855162962286,0.00398147040042672,2.62652898739353,0.0845877840246119
878,-0.100506114421148,-0.241559907356315,2.04177038212942,0.133415710693363
20,0.0949895453421707,-0.24130820588722,2.13768974564097,0.174095653339518
888,0.16916919927469,-0.205793933387928,2.40216082736303,-0.00139012957433559
818,0.269844158030681,0.00197466533067571,2.63342507910282,0.114090633722866
898,0.0356966876071712,-0.239032232754001,2.24459860259326,-0.128134795700588
568,0.317333647895549,-0.0403388534018111,2.35944779947932,-0.116247950780911
528,0.0780780173036261,0.1679577897775,2.12761212066124,0.0358616849443198
749,0.394859605295976,0.430513022613683,2.42060662369147,0.199934176389796
490,0.196125925545311,0.0093259679781156,2.18262040811715,-0.069439932803357
838,0.295164511866931,0.266171232373678,2.55138131014246,0.00737669307320928
470,0.134041095715556,-0.0710833801959256,2.09815372361764,0.0749764798068516
430,0.288744563488692,-0.0653149069513497,2.37660705539717,0.166879940754525
450,-0.183978795411969,-0.279096363494779,1.94862967721457,0.0784466991515631
500,0.108571598482627,0.197052712247579,2.32498891752887,0.162158734642364
328,0.0163095288031606,-0.188598556874587,2.32121196078762,0.399261750338221
480,-0.103428659950823,-0.376292207575183,2.27924507930709,0.141344764730194
779,-0.0213502849285625,-0.186698758659314,2.19963129615502,0.069411381103932
308,0.152678319655447,0.0517606133468451,2.1232907208469,-0.00165395743959671
420,0.150230335876058,-0.115638275482756,2.05441642481902,0.00742723732109712
968,0.257632574072606,-0.127774224717367,2.93692280592054,-0.010289914480837
759,0.21448828503876,0.306474318845379,2.31818776353057,0.0571505302150797
769,0.0824436908072457,-0.048964010232339,2.38914137859654,0.123331965530021
905,0.323381725476997,0.294081461212946,2.4291211775695,0.241014177642593
460,0.186574211388376,0.152672276638009,2.09805672708215,0.0222959689551414
978,0.169505265367416,0.293736401790441,2.33880044285102,-0.000574503953028647
610,0.0430879679928353,0.0164708697584561,2.24744546886608,0.0095952706516799
928,0.109604402077553,0.0660599106022204,2.57384782187645,0.17367003256692
998,-0.0963949713013148,-0.0316875658164827,2.35854038472469,0.155123863597481
988,0.345856254179385,0.384825961033796,2.47344708810856,0.0579910066966819
958,0.324712455513338,0.232062502044468,2.28134127887054,0.0770752341405697
348,0.0213328105679671,0.0911098420566214,2.1148525942739,0.0567553741725621
948,0.221885641377097,-0.0174598104346785,2.34843175028779,0.259267087787602
938,0.330951404018285,0.40032088830536,2.40542575391014,0.241816629532449
918,-0.0365969600324763,0.318353727105576,2.18484897083328,0.107990290229377
338,0.305183114697111,-0.0228979453726009,2.32816092639347,0.12407320960604
700,0.0191381973531198,-0.306157182890724,2.25361752167445,-0.00714763639944329
318,0.218687936002985,-0.102731536390839,2.58710396519061,-0.203887004555112
68,0.218134408526229,0.14543515420815,2.42126835361831,0.3308010255874
718,0.312963101052632,0.0850904565841227,2.27569548704446,-0.064056038810611
690,0.0633904456158001,-0.0833572899665922,2.08880688473948,0.0131539828128159
509,0.199697880134018,0.0129360931660716,2.6356487552679,-0.0389373345404897
790,0.361555973038993,0.30595928475975,2.11904647935203,0.203285202378473
599,0.168866324879222,0.123319020726312,2.15124288424762,-0.134538132370961
670,0.204010914530463,0.00701416444266965,2.18253149997004,0.0631274838151421
630,0.221119813644228,-0.0782809382188965,1.99018296686365,0.187111229782412
800,0.466179650544927,0.303392906154622,2.4168324559458,0.114145635669445
680,0.346713394524,0.185697141729491,2.48026075433274,0.108913353185998
660,0.313828007141181,0.215883747602872,2.00535992098455,0.0690685120274452
640,0.263716095510297,0.332318051771954,2.13245369167912,0.121418623181675
38,0.154300291961083,-0.0364818805231049,2.57185904729204,0.23346549524668
849,0.0312201596499307,-0.0161972999151593,1.96529989300819,0.126461866370057
829,0.268513787098982,0.119049389785213,2.24083660651141,-0.101162359923521
589,0.188390896099446,0.295116113884101,2.38529846059567,-0.0598602759259564
650,0.14084360747826,-0.239464270608179,2.24415991649195,0.00411294961264895
859,0.175541867034669,-0.112177147834828,2.36896367356715,0.157964214912026
869,0.397286529501872,0.245690310420246,2.13397659780204,0.123591886438341
620,0.0379007239415978,-0.238775032173115,2.37048792048818,0.13188278758768
879,0.347880805809165,0.23427026509483,2.2838443359055,0.158811613377153
889,0.436586993564618,0.117567484275606,2.28580151601548,0.0294529742128772
819,0.193606939189793,0.257573377425474,2.07257638359343,0.154854372718286
899,0.186733233115119,0.139144858597997,2.33194057358443,0.0237412161224486
150,0.108457058037983,-0.243453726713685,2.53860994159984,0.167073612330375
729,0.272663980450297,0.386739992924039,2.38161896691537,0.209901136747018
839,0.128240966323504,0.0179905711482917,2.09327244736766,0.066444987008594
750,0.0284974833036217,-0.208592305648648,2.6582181378122,0.0765040187021574
559,0.298201481924006,0.151755325477948,2.39962620508585,0.0137840915375598
579,0.0681113973841143,-0.375439966926632,2.24828132466054,-0.0461816243541028
807,0.163015616962903,0.278722026802816,2.31737416119901,0.0953694020985182
539,0.19646318844287,0.140344854212161,2.51406295804174,-0.0261645406473003
519,0.0223941283023278,0.0191086168572231,2.14439506600688,-0.00339506930899514
549,0.363296336589946,0.0112744299443412,2.45824553787294,0.0636165134509577
739,0.119079241602456,-0.0380830311489857,2.28868767742538,0.0184852470593458
28,0.0896700518104793,-0.167459269114871,2.26495025155887,0.176236546035391
569,-0.038390836773522,-0.147731540927427,2.48580694446712,0.0566673953957151
529,0.26312638565561,0.0234872102059446,2.53520892811335,0.0408741472132824
969,0.233326925811921,-0.027115573044578,2.31991853672835,0.065588377936985
760,0.248346337123165,0.0894685795995321,2.30203728207767,-0.0592372561399607
780,-0.00903124442839706,-0.0261752410987504,2.27075348788982,0.179892819160141
979,0.346615426129881,0.141859650056191,2.62023723691255,0.230249076607846
770,0.363002538508502,-0.259252712113986,2.40861899046985,0.141746748858074
709,0.399039103416808,0.0545470052165226,2.63721660734437,-0.0643645717637793
929,0.246528066421878,0.281519487043017,2.34823385855583,0.347235108182126
959,0.294287899760892,0.00858281786348622,2.40311733524256,0.042959596673581
999,0.160918003795911,-0.00927398096853555,2.54459049021072,-0.136255106148314
989,0.0315232413455032,-0.396107934660864,2.16930508595593,0.272420142794612
949,0.0195606961732252,-0.0996708950900668,2.19300539691656,0.145118280853138
939,0.204369983145074,-0.0620563983431825,2.08242700877409,-0.0214362121111228
919,-0.0506251048637883,-0.0362464223839635,2.23776945079201,0.07943041436974
850,-0.0975067029282725,-0.0731331357607511,2.24503753474732,0.0464123550200794
830,0.0658453125706649,-0.242813576166326,2.47922825810795,0.190714348998303
860,0.0535065044588788,0.00105418753342344,2.50212747093964,0.235456028115277
870,0.337947650775846,0.30303524856859,2.36339211020027,0.238048333449729
880,0.0845794243601891,-0.118353415072858,2.4680661072984,0.122288965655646
890,0.416062954655448,0.133114571777389,2.35372472316667,0.0900939821478291
329,0.365310887748325,0.0324336721807936,2.28000923387717,0.0339764780572009
820,0.373867556054702,-0.0502351850404402,2.49171526897651,0.0388594112056639
900,0.31283710483693,0.308118595406729,2.45684753520973,0.173611477516879
309,0.56898458461021,0.44562320852453,2.40766769574936,0.0841667581692881
600,0.311825830204892,0.0578354865598652,2.25014180282583,0.3180670659631
719,0.0579420763278793,-0.150094050956171,2.22676553310128,-0.06169479627734
510,0.300433816454175,0.073878542454285,2.32551017897693,0.0305398174815087
840,0.171129802250288,0.263974703434076,2.20161251893885,-0.00623175559705764
349,-0.176937365304195,-0.388988872637648,2.42504136987636,-0.00446393064610699
339,0.0947678976640207,-0.00994125942540357,2.51464216072132,-0.0679259939785516
906,0.358690754485705,0.107924434974435,2.65482665473818,0.0102513226261513
319,0.478024452375025,0.649016252006283,2.39607999852897,-0.087656348388939
590,0.0340760253105667,0.195343642485323,2.21062521302997,-0.0628303418477889
730,0.130310156527489,0.168548099154322,2.22939908744436,0.0634233308593914
39,0.367013564736234,0.119737345489997,2.37137477040146,0.250535805122616
580,0.1514611699935,-0.347297949619487,2.40816888652883,0.118645584889364
970,0.350279361558958,-0.0336486297692335,2.59243159500495,0.0609720095921215
69,0.362102224005612,0.305230544320525,2.5370008653068,0.207919173117197
560,0.422869131902577,0.176104225267708,1.80885261664555,0.0699562166845584
540,0.110527562979261,0.0465080085297544,2.38274221843453,0.190416660505494
980,0.32321249814629,-0.0288187725242263,2.73345624470593,0.146947542265914
740,0.410439645992489,0.297655724112304,2.38768469716374,0.0235334580352706
930,0.211347627166364,-0.152698267884343,2.28479334465481,0.19936589684617
550,-0.0180681205793174,-0.196376555233611,2.09289810247934,0.258284695391813
960,0.286976114192889,-0.0308532843928575,2.55084566601605,-0.0328374835109338
808,0.404566889167864,0.284839935409498,2.29678692126601,0.0736289285977658
520,-0.0846489652505127,-0.116407931920479,2.27761994456136,0.0183898425615624
1000,0.206344884076023,0.0987864703123499,2.19370980577872,-0.00790212409539189
990,0.419232800770687,0.333544987189911,2.38917445513031,0.0198663812085323
940,0.298954954676385,0.238617241233879,2.02676147656868,0.00113892657496166
950,0.310309295355093,0.0133150535473353,2.26593682110353,-0.0740964019567724
570,0.0338353359710279,0.10934915811572,2.44223235747887,0.126717853441451
530,0.148544042386551,0.0695536639786471,2.39757173488021,0.191636190855351
920,0.256648806091726,0.104906490768639,2.43299269802,-0.0188522747318418
29,0.0662487732500482,-0.113601449876431,2.23549398771643,0.255057174163492
710,0.113788993248792,0.0580780296384229,2.25321406931668,0.0496050137765353
720,0.0214843817356081,0.0335311957948403,2.20346529748065,0.0681225648483512
330,0.39686415823582,0.183126226657595,2.39397294832114,-0.0676592493586033
310,0.319476426542686,0.227845872087326,2.27768103065721,0.0382789268251473
40,-0.0494143870865258,-0.138667825106894,2.54531938170309,0.1461229889473
350,0.153593265933902,-0.149999073456042,2.43222324525644,0.130310145766734
320,0.165512630776814,-0.112662496484787,2.20236208913189,0.317943072242135
340,0.610947786898822,0.492792201275009,2.23178318361615,0.271830083768346
907,0.451833683692156,0.0863438438876824,2.26120202412254,0.19984361627164
809,0.111845890321064,-0.179408498877399,2.42362022003038,-0.0754704773719187
30,0.227374722669545,0.161697501421217,2.36508598258943,-0.0506306821197104
70,0.115359039797002,0.266803910664248,2.5607696557063,0.34598955665703
908,0.273664433908888,0.310042895278257,2.18014128615986,0.191454096785017
810,0.479012641971412,0.260920018137812,2.61377285332056,0.244921988446141
909,-0.00674589238027346,-0.0681763576603593,2.5047087484907,0.0432476542031388
910,0.134198819614028,-0.125910534395556,2.38842298959047,0.0634943562920182
